"","gene_short_name","value_1","value_2"
"1","CG46301",0.412763,317.166
"2","swi2",4.90096,2648.23
"3","CG7059",1.37841,103.57
"4","CG9109",0.134266,6.86136
"5",NA,1.45453,72.4171
"6","Cp16",14.3426,549.685
"7","CR43196",4578.64,146453
"8","Femcoat",2.25341,71.28
"9","CG8646",1.12273,28.329
"10","CG11905",0.19734,4.71605
"11","CCAP-R",0.0525107,1.22262
"12","Cyp4e1",2.98515,67.9776
"13","Cp19",25.7403,583.872
"14","CG30008",629.734,12873.4
"15","CG15358",24.6427,494.937
"16","Yp2",296.275,5864.04
"17","CG32642",0.20714,4.09622
"18","CG6432,Dis3",233.336,4401.85
"19","Dys,snoRNA:Me18S-A1374",10.7833,195.585
"20","CG32368",60.0627,1072.55
"21","tRNA:Glu-CTC-1-1,tRNA:Glu-TTC-1-2",31.9793,542.641
"22",NA,3.91262,63.9891
"23",NA,3.32072,52.9656
"24","FASN3",68.8078,1070.12
"25","Cp18",51.7249,800.203
"26","CG12688",0.149882,2.29763
"27","CG14187",1.82399,27.0422
"28","CG7567",0.388289,5.74357
"29","CG32198",0.481096,7.1135
"30","CG18609",92.2213,1319.47
"31","CG9458",645.03,9203.93
"32",NA,1.28223,18.0832
"33","CG13085,CG16771,Lectin-galC1,Pax,lectin-37Da,lectin-37Db",177.699,2414.57
"34",NA,0.621398,8.41751
"35",NA,2.23728,29.2001
"36","Obp99a",12.2915,157.047
"37","TbCMF46",3.19191,38.9916
"38","Obp56g",1.01906,12.1444
"39","CG3088",2.30729,27.0788
"40","Vm34Ca",66.9157,779.217
"41","CG10035",0.175593,2.02456
"42","CG6602",3.81489,42.8053
"43","Jon25Bi",1.09379,12.156
"44","CG4592",38.3796,401.633
"45","Lsp1beta",0.511646,5.28365
"46","CG15531",578.833,5950.92
"47","CG13114",1.09612,11.14
"48","CG10581",25.1237,250.953
"49","CG13618",3.79811,37.3639
"50","Jon99Cii",20.1983,196.457
"51","Vm26Ac",1.48937,14.3644
"52","CG7365",4.42833,42.5787
"53","CG15646",1.41467,13.5005
"54","CG11899",145.969,1380.25
"55","Mt2",4.81569,45.5005
"56",NA,3.86897,36.3119
"57","CG16704",8.85454,81.8474
"58","CG3663",64.926,590.629
"59","Fcp3C",1.00192,9.06229
"60","CG4393",3.72217,33.409
"61","CG16799,rig",73.5884,655.552
"62","CG17562",108.507,946.48
"63","CG12851",0.704991,6.10894
"64","CG6746",376.406,3256.64
"65","CG17239",0.748002,6.4457
"66","CG17646",104.07,879.672
"67","psd",0.683607,5.75293
"68","LysD",6.45446,53.753
"69",NA,2.86383,23.6497
"70","CG15570",0.398283,3.28249
"71","CG2991",24.2935,200.108
"72","CG7910,CR44330",823.04,6750.99
"73","Dbi",1910.05,15574
"74","Arpc3A",47.2817,376.944
"75","CG34203",3.61475,28.7369
"76","Vm26Ab",51.5514,408.752
"77","Mgstl",432.492,3410.46
"78","CR44431",1558.21,12187.4
"79","CG43351",17.7677,138.736
"80","CG14645",190.618,1485.93
"81","CG4020",356.914,2755.69
"82",NA,1.76116,13.5866
"83","CG15254",0.835027,6.38214
"84","CG13023",0.200519,1.52853
"85","CG34291",4.67005,35.5919
"86","Jon99Ciii",13.1618,100.136
"87","CG8343",8.86719,67.4359
"88","CG11885",167.056,1261.96
"89","Drsl4",9.10731,68.1247
"90","poly",55.23,412.913
"91","CG7900",6.20472,46.1389
"92","CR12628",228.187,1667.9
"93","Cp36",16.384,119.751
"94","CG5973",100.465,729.456
"95","CG34172",20.4329,146.096
"96","CG10672",163.403,1168.12
"97","CG12541",3.49896,24.9309
"98","Cpr62Bc",0.676869,4.7103
"99","CG7214",0.362741,2.52277
"100","Cpr47Ef",0.373393,2.58746
"101","Peritrophin-15b",3.86569,26.7284
"102","Jon74E",26.8159,184.712
"103","Cisd2",551.047,3779.15
"104","ND-MLRQ,mir-4942",716.304,4900.49
"105","CG15068",137.663,939.923
"106","CG10399",12.7046,86.724
"107","CG34377",0.108402,0.737589
"108","CG10479",62.8995,427.385
"109","Cpr62Bb",1.60245,10.858
"110","CR44553",0.743031,5.03058
"111","CG18404",7.91374,52.9353
"112","CG43114",17.1333,113.622
"113","CG13102",3.72475,24.6268
"114","CG8534,eloF",724.012,4775.98
"115","Ag5r2",4.40945,29.0005
"116","CG17597",243.912,1603.43
"117","Adgf-A,Adgf-A2",18.8876,123.64
"118","CG17192",1.7846,11.6721
"119","Gnmt",20.969,136.623
"120","Cp38",8.86365,57.628
"121","Cyp12e1",4.54958,29.539
"122","CG9286",12.3875,80.4058
"123","CG16713,CG43165,CR43364",67.5715,437.64
"124","Toll-7",0.79123,5.06694
"125",NA,4.13386,26.4676
"126","CG13306",7.13309,45.1352
"127","CR45401",125.91,795.551
"128","CG13091",287.921,1804.38
"129","CG13083",1.58446,9.88222
"130","snz,spidey",913.164,5683.15
"131","CG46307,Nhe2",5.75719,35.6187
"132","SLIRP2",35.4599,218.355
"133","CG14277",2.15637,13.2537
"134",NA,1.05695,6.45062
"135","CG12321",709.729,4325.31
"136","CG16904",278.194,1692.58
"137","CR45943,CSN3",137.052,823.362
"138","18SrRNA-Psi:CR41602",0.20025,1.19725
"139","RFeSP",212.909,1271.55
"140","Srp19",164.201,977.401
"141","CG15126",12.0841,71.9048
"142","PPO2",0.593006,3.52588
"143",NA,0.896725,5.31193
"144","Trs33",34.6834,205.224
"145","CG15711",2.73138,16.1136
"146","Obp19a",1.14977,6.77383
"147","Prosalpha2",1152.62,6745.11
"148","CG42704",12.8428,74.6522
"149","Fad2",1289.39,7493.12
"150","CG8299",1.59031,9.23237
"151","CG43630",1155.87,6604.2
"152","PGRP-LC",46.1428,261.449
"153",NA,1.96343,11.1153
"154","Prosbeta3",794.423,4481.48
"155",NA,1.13862,6.42263
"156","Obp83a",2.12244,11.9486
"157","CG15515",4.00756,22.5296
"158","CG15027",78.8432,440.654
"159","rdo",0.0993832,0.553348
"160","IM33",256.803,1428.3
"161","CG43112",4.9125,27.2353
"162","CG12057",5.05019,27.9561
"163","CG8993",263.789,1442.25
"164","mRpL41",45.7877,249.779
"165","Alp2",1.27841,6.97342
"166","CG7484",156.189,851.509
"167","Jon25Bii",0.485459,2.64161
"168","CG3906",16.7115,90.6542
"169",NA,3.85238,20.7905
"170","CR44807",24.6536,131.933
"171","Obp83b",2.13662,11.4281
"172","CG6660",148.907,795.619
"173","CG16820",0.489415,2.60725
"174","CG31265,CG31269",1.61411,8.58803
"175","Sc2",652.903,3454.88
"176","LysX",11.6318,61.4809
"177","PGRP-SC1b",0.618237,3.26557
"178","CG17571",33.2504,175.445
"179","Yp1",358.319,1889.46
"180","CG13428",16.5621,87.133
"181","CG31922",26.9851,141.565
"182",NA,3.24164,16.9418
"183",NA,1.24404,6.48927
"184","CG4678",3.30702,17.2405
"185",NA,1.6352,8.51315
"186","CG34166",44.6335,232.353
"187","28SrRNA-Psi:CR45851",5.69204,29.5568
"188","CG10014",0.844156,4.38298
"189","28SrRNA-Psi:CR40741",0.315096,1.63525
"190","CG12056",110.9,574.585
"191","Obp19b",1.23577,6.39013
"192","Adgf-D,CG31469",11.0251,56.9458
"193","CG14893",6.07166,31.3314
"194",NA,1.00537,5.18676
"195","CR43637,FarO",214.439,1104.97
"196","CG40198",0.447141,2.30241
"197","28SrRNA-Psi:CR40596",63.5337,326.102
"198","CG8320",97.3124,499.444
"199","CG9067",44.9182,230.24
"200","CG5919",73.6199,376.008
"201","CG6836",4.16903,21.1432
"202",NA,5.81566,29.4528
"203","CG34327",0.499976,2.52913
"204","Prosbeta4",1298.61,6552.58
"205","CG11137",181.081,912.582
"206",NA,1.48012,7.44802
"207","CG8560",3.82876,19.2613
"208","UK114",199.724,1004.2
"209","CR43765",5.56109,27.9288
"210","betaTry",188.348,945.743
"211","etaTry",4.90547,24.4482
"212","ND-B12",630.442,3132.28
"213",NA,1.12318,5.53954
"214","UQCR-C2",198.871,980.552
"215","CG3344",5.09307,25.0313
"216","Peritrophin-15a",17.9045,87.9003
"217",NA,1.40275,6.86069
"218","Cpr65Au",10.9891,53.7468
"219","Prosbeta2",711.841,3466.71
"220","Fdh",220.894,1070.33
"221","yellow-g2",2.70151,13.0756
"222","CG34461",1.25468,6.06727
"223","Tom7",1167.07,5638.98
"224","Cpr72Ec",2.56179,12.3413
"225","CG14834",1.22669,5.89198
"226","UQCR-14",464.197,2226.72
"227","Send1",0.599766,2.87384
"228","CG6503",111.917,534.036
"229","CG11353",0.455236,2.1696
"230","CG32379",0.678242,3.22879
"231","CG6950",113.175,538.748
"232","CG31287",4.0712,19.3485
"233","Cp7Fb",16.1607,76.7735
"234",NA,1.16528,5.53042
"235","MESK4",3.21599,15.2589
"236","CG13992",0.277675,1.31631
"237","CG7542",7.66937,36.3196
"238","CG13067",1.09545,5.17744
"239","ND-30",159.935,755.78
"240","Sobp",3.38422,15.9785
"241","Cda9",1.49385,7.04405
"242","mRpL2",29.2312,137.278
"243","CG10943",5.40652,25.2779
"244","Sod1",3128.22,14573.1
"245","CG11781",138.211,643.857
"246","Obp28a",3.78943,17.5157
"247","CR31084",2.28669,10.5498
"248","CG15142",13.1005,60.345
"249",NA,1.81065,8.32782
"250","fj",0.571516,2.61958
"251","CG1979,CG1988,Sodh-1",5.10045,23.3497
"252","ND-B15",177.457,807.679
"253","Cht9",1.72348,7.83023
"254","Rpn12",390.294,1772.74
"255","CG41128",238.898,1084.95
"256","CG43965",64.6694,293.645
"257","Cpr100A",0.339689,1.53645
"258","Cyp4d20",12.2263,55.0772
"259","kappaTry",5.04459,22.6822
"260",NA,2.11375,9.46423
"261","betaTub97EF",180.666,807.276
"262","Jon25Biii",13.3958,59.8504
"263","Orct2",12.8467,57.3376
"264","CG3420",143.718,640.361
"265","Orc6,Prosalpha7",1592.61,7087.79
"266","CG11752",286.635,1274.58
"267","CG8417",39.4522,174.45
"268","CG9577",74.7399,328.101
"269",NA,2.27321,9.97324
"270","CG31086,CG31323",37.9356,165.743
"271","Prosbeta1",788.355,3437.27
"272","CG13623",39.5671,171.913
"273","CG16836",7.8312,33.9907
"274","Ufm1",185.604,805.107
"275","CG9672",4.38973,19.0244
"276","CG13284,CG31810",239.729,1038.46
"277","Jon66Ci",1.83913,7.95313
"278","CG5804",103.754,448.455
"279","CG13084",0.493307,2.13213
"280","CR45827,SCOT",117.94,509.401
"281","Taldo",379.198,1636.34
"282","CG14820",0.575735,2.48395
"283","CG15818",0.848046,3.64361
"284","CG4908,Prosalpha6",401.496,1723.35
"285","CR31044",7.86576,33.7149
"286","CG33127",5.61245,24.021
"287","CG16749",10.918,46.6545
"288","CG1504",0.407768,1.73414
"289","Prosbeta7",4284.41,18214.2
"290","ssp7",66.2917,281.513
"291","CG15270",0.727686,3.08575
"292",NA,1.27003,5.37226
"293","UQCR-6.4",836.636,3537.23
"294","CG7298",1.58222,6.68247
"295",NA,1.54278,6.49958
"296","Srp72",25.0223,105.296
"297","CG42260",1.02318,4.2993
"298","CG10674",227.632,955.605
"299","CG32533,mRpS14",319.453,1339.39
"300","CG4000",15.9897,67.0031
"301","eIF2beta",1099.37,4592.96
"302","CG31681",0.429196,1.79121
"303","Cht4",2.47554,10.3198
"304","CG4036",9.83012,40.9492
"305","Cad74A",0.153021,0.635903
"306","CG5386",0.806683,3.35164
"307","Trp1",156.122,648.271
"308","Phae1",1.1726,4.84902
"309","CG15473,Torsin",192.174,790.906
"310","CG14880",0.22783,0.937604
"311","Vm26Aa",88.6929,364.024
"312","CG5532",308.358,1263.42
"313","CG34351",0.19471,0.79713
"314","CG9673",16.1442,65.8645
"315","CG8078",10.8884,44.3816
"316","CG10592",1.82602,7.41456
"317","CG8628",15.4747,62.785
"318","CG13154",5.75395,23.3094
"319","ND-B17",106.821,431.805
"320","GV1",2.63515,10.6455
"321","CG5767",15.1463,60.9183
"322","CG31145",9.36023,37.5922
"323","Rpn9",163.842,657.916
"324","Spat",9.61925,38.5613
"325","CG31233",4.04437,16.1641
"326","CG30101",0.500067,1.99679
"327","ND-ASHI",131.666,525.397
"328","Jon65Ai",9.64498,38.4034
"329","Rpn1",149.257,594.124
"330","CG42705",9.6032,38.2078
"331","CG13970",1.38604,5.51148
"332","Cbp20",386.269,1534.71
"333","CG43774",4.91827,19.5152
"334","CG17292",88.8612,352.158
"335",NA,1.52445,6.0312
"336",NA,19.9718,78.9816
"337","CR12460",2.04058,8.06955
"338","CG43066",5.82933,23.0496
"339","Rh50",0.479474,1.89221
"340","Rpn2",524.691,2067.54
"341","CG32099",12.3654,48.6874
"342","mRpS9",72.435,285.183
"343","CG31267",4.48076,17.5809
"344","COX8",360.894,1414.68
"345","ND-PDSW",193.717,757.119
"346","phu",1.92464,7.51951
"347","Dic1,poly",229.285,895.509
"348","Nup44A",103.018,402.124
"349","CG15170",6.61737,25.7999
"350","TpnC47D",3.00571,11.7117
"351","ND-13A",151.772,590.704
"352","mRpL52",468.527,1821.77
"353","CG2256",23.5266,91.264
"354","Irp-1B",173.597,672.387
"355","CG14356",1.53148,5.93148
"356","CG1673",295.328,1143.11
"357","eater",0.20291,0.78515
"358","Prpk",25.409,98.1852
"359","Obp56a",5.56647,21.5068
"360",NA,3.52931,13.6165
"361","CG12093",47.2287,182.196
"362","CG2781",17.829,68.7647
"363","CG7966",11.9755,46.1207
"364",NA,2.35974,9.08302
"365","haf",7.27514,27.9969
"366","eIF2Balpha",36.2342,139.392
"367","Ufc1",68.8476,264.68
"368","Ubi-p63E",752.314,2885.71
"369",NA,2.91661,11.1853
"370","esn",13.2313,50.7419
"371","Scp1",6.24431,23.9425
"372","Mdr50",5.66832,21.7119
"373","CG9095",0.258791,0.98829
"374","Spase12",838.987,3201.57
"375","CG3609",115.633,441.132
"376","Prp38",59.6898,227.657
"377","ND-39",121.502,461.81
"378","nrv3",37.3808,141.567
"379","ND-MWFE,Nrk",884.988,3349.43
"380","NP15.6",249.375,941.023
"381",NA,1.39422,5.24898
"382","CG18628,CG8009",108.396,407.63
"383","Toll-6",0.964086,3.62187
"384","CG6310",20.3299,76.3657
"385","Pdk",160.067,600.425
"386","Mmp2",3.1543,11.7916
"387","CG9427",1.3689,5.10507
"388","CG4858",142.699,531.939
"389","mRpL51",29.3817,109.077
"390",NA,3.02827,11.2365
"391","LpR1",20.4147,75.6682
"392","CG10116",6.03982,22.3475
"393","Cpr49Ab",13.2261,48.9065
"394",NA,1.20156,4.43867
"395","CG7630",502.165,1851.74
"396","fng",1.11035,4.08917
"397","CG10472",55.6355,204.285
"398","levy",676.559,2481.33
"399","Prx3",137.823,505.271
"400","CG31157",25.4489,93.1698
"401","primo-1,primo-2",167.835,613.851
"402","CG15067",46.3115,169.242
"403","mRpS6",98.0756,357.555
"404","CG31950",33.1651,120.753
"405","ND-B14",146.459,532.563
"406","CG4297",67.4466,244.844
"407","CG13215",4.86621,17.6366
"408",NA,1.20188,4.35237
"409","ND-24",141.869,513.325
"410","CG14259",0.793677,2.86918
"411","CG33639",1.63705,5.91118
"412","mRpS34",56.1853,202.783
"413","Ccs",70.4028,253.91
"414","CG8861",0.532115,1.91523
"415","Syp",62.2679,222.827
"416","CG34213",19.6298,70.2274
"417","CG9034",206.985,739.768
"418","Elp2",3.08553,11.0216
"419","LysP",59.6379,212.996
"420","7B2",192.829,687.524
"421","COX5A",547.994,1940.07
"422","CR44306",4.03888,14.239
"423","CG17333",90.0655,317.22
"424",NA,0.921899,3.24457
"425","CG8738",0.989989,3.48158
"426","Mpcp1",14.9179,52.4506
"427","CG13300",0.809837,2.84502
"428","CG9953",52.0819,182.961
"429","MED10",109.092,382.938
"430","Pomp",262.835,921.108
"431","CG9505",271.603,951.769
"432","Abd-B",1.62856,5.70598
"433",NA,2.4455,8.55702
"434","CG11381",0.534445,1.86802
"435","side",1.33947,4.67578
"436","CG8997",12.4481,43.441
"437","zetaTry",2.21334,7.71612
"438","CG1077",0.304819,1.06186
"439","Galt",16.0931,56.0536
"440","ome",1.56108,5.43504
"441","Tapdelta",320.444,1115.59
"442","Prosbeta5",812.344,2821.97
"443","Aldh-III",1544.01,5363.15
"444","Wnt4",0.875635,3.03843
"445","CG7083,DNApol-alpha50,Pex2",71.24,247.09
"446","CG1646",22.5885,78.3132
"447","CG31087",1.18411,4.10063
"448","ATPsyngamma",257.597,890.553
"449","CG42367",2.17368,7.51432
"450","CG11453",0.582768,2.01101
"451","Adk3",22.6084,77.8654
"452","Trs31",41.7877,143.741
"453","CG4363",14.1077,48.5192
"454","Jon44E",2.5743,8.84784
"455","FoxP",0.456434,1.56569
"456","mRpS33",103.037,352.8
"457","CG45093",787.359,2691.6
"458","ERR",55.6806,190.313
"459","Ccp84Ag",11.4804,39.221
"460","mRpL23",64.7219,221.104
"461","CG12375",51.1649,174.735
"462","GluClalpha",4.64884,15.8669
"463","CG5567,CG5577",22.9022,78.0642
"464","Rpt2",225.884,769.704
"465",NA,1.39868,4.74922
"466","CG9667",38.1971,129.34
"467","CG15168",168.167,568.402
"468","CG32069",116.698,394.063
"469","ATPsynCF6",633.506,2137.63
"470","CG5404",0.373776,1.25986
"471","CG10096,CG10097,Cyp9f3,lig3",185.435,624.415
"472","CG13743,CG8197",0.327459,1.10087
"473","CG13807",46.7126,156.754
"474","eIF4B",133.597,448.064
"475","dpr17",0.403,1.35147
"476","CG13151",3.97547,13.3309
"477","Cyp4ac2,Cyp4ac3",4.4635,14.962
"478","CG32547",0.890686,2.98251
"479","CG8834",9.76991,32.6976
"480","Jon65Aii",4.41006,14.7483
"481","CG33143",9.59275,32.0281
"482","CG7694,fray",835.981,2785.59
"483",NA,2.92616,9.7444
"484","SIFaR",0.28073,0.934258
"485","CG17726",15.1233,50.2737
"486","mRpL20",72.2918,240.294
"487","CG6154",0.223331,0.741684
"488","CG14823",3.94156,13.0856
"489","Sem1",1683.18,5586.14
"490",NA,1.22395,4.06202
"491","Dim1",104.744,347.612
"492","CG11368,CR43199",7.82399,25.9331
"493",NA,11.8331,39.207
"494","CR30409,Rpi",135.916,449.876
"495","Proc",1.58007,5.22595
"496","CG11876",158.271,523.266
"497","amd",1.02707,3.39324
"498","ine",4.08383,13.4805
"499","CG34176",11.5351,38.0558
"500","CG6415",2.12037,6.98477
"501",NA,1.31421,4.32607
"502",NA,2.83737,9.33275
"503","Ufd1-like",200.917,659.881
"504","PI31",54.9105,180.272
"505","CG1561",4.10085,13.4569
"506","CG17985,Rpt1",233.1,764.372
"507","Hex-C",6.23768,20.4506
"508","CG14075",1.15668,3.7874
"509","Cyp12a4",3.88311,12.7112
"510","CG5112",149.828,489.867
"511","CG31324",8.45414,27.5654
"512","CG7550,mRpL36",92.9713,303.041
"513","CG7265",28.2434,91.8778
"514","mag",1.75984,5.71974
"515","Oat",3.55701,11.5517
"516","Rpn13",444.106,1441.82
"517","ND-AGGG",85.1266,276.329
"518","CG7296",4.74191,15.3834
"519","mRpL27",78.0073,252.793
"520",NA,1.63547,5.29226
"521","Gdi",465.551,1506.34
"522",NA,2.47017,7.98556
"523","Mal-A5,Mal-A6",75.1328,242.722
"524","FASN2",2141.12,6910.64
"525","CG14997",13.916,44.8825
"526","ND-19",129.251,416.159
"527",NA,2.32509,7.47848
"528","yip7",167.037,536.844
"529","CG31288",1.0412,3.34596
"530","ab,snoRNA:Me18S-G642",2.56952,8.25531
"531","Rpn3",239.852,770.253
"532",NA,3.67484,11.7979
"533",NA,1.72857,5.53764
"534","CG3348",617.924,1978.57
"535","mRpL24",69.0902,221.115
"536","CG3176",3.9697,12.6876
"537","let-7,let-7-C,mir-100,mir-125",5.33635,17.0483
"538","CG13003",0.603541,1.9273
"539","CG11000",5.19009,16.5729
"540","CG43707",0.269826,0.861235
"541","alpha-Est3",65.7027,209.218
"542","Ca-alpha1T",2.11026,6.71507
"543","CG17325",21.2427,67.5359
"544","Oseg5",3.36602,10.7001
"545","ND-B17.2",110.165,350.144
"546",NA,1.52715,4.85304
"547","CG13795",0.4972,1.57968
"548","mRpL40,pros",77.916,247.18
"549","Adi1",104.83,332.118
"550","REPTOR-BP",106.77,338.113
"551","bnl",28.5089,90.2345
"552","COX5B",162.709,514.206
"553","aay",239.591,757.016
"554","SdhC",214.775,678.389
"555","CG14105",1.71451,5.41486
"556","CG17321",1.41142,4.45526
"557","CG8306",1.57524,4.96413
"558","fok",1175.91,3703.21
"559","CG5435",12.5247,39.365
"560","CG4666",229.779,720.45
"561","CG4377",6.10019,19.1086
"562","Glut3",1.06663,3.33851
"563","CG10466",42.5246,133.094
"564","dec-1",3.62607,11.3486
"565","CG33521",27.646,86.5024
"566","CG4462",0.448366,1.40258
"567","CG9512",99.6565,311.216
"568","Ssrp",808.682,2524.68
"569","Rpt6",528.407,1649.56
"570","CR32773,peb",416.201,1297.62
"571","CrzR",6.11371,19.0517
"572","CG15765",1.95157,6.07925
"573","alphaTry,gammaTry",391.703,1218.74
"574","Srp14",228.325,710.384
"575","mRpS17",108.33,336.852
"576","CR44178",14.9258,46.3509
"577","thetaTry",7.0472,21.8783
"578","Yp3,rdgB",195.282,606.252
"579","CG12811",61.1977,189.953
"580","RpL24",824.122,2556.84
"581","CG14696",13.9962,43.3816
"582","CG3597",3.14056,9.72947
"583","wal",79.7415,246.91
"584","ox",299.875,928.438
"585","CG42249",2.25798,6.98564
"586","CG12860",37.7376,116.74
"587","CG11110,maf-S",298.878,923.448
"588","Sardh",0.382743,1.18191
"589","Ugt36Bc",5.84307,18.0371
"590","CG17261",53.3235,164.323
"591","CG16756",8.19209,25.2403
"592","Obp99c",73.1327,224.928
"593","ATPsynO",145.067,445.865
"594","vvl",323.089,992.345
"595","ss",0.873092,2.68111
"596","CG34236",8.74534,26.8548
"597","CG1291",27.9196,85.5869
"598","CG31343",5.12654,15.7008
"599","hts",41.0688,125.636
"600","CG9928",46.9711,143.661
"601","CR44042",3.36432,10.2598
"602","CG13309",2.59032,7.89793
"603","tai",4.26605,12.9786
"604","CG11671",17.7635,54.0324
"605","CG12848",173.445,527.408
"606","ATPsynB",175.051,531.916
"607","Fitm",104.73,318.169
"608","CG18809,COX6B",624.017,1894.51
"609","LManII",10.0236,30.4253
"610","RpL29",3215.82,9755.27
"611","Vps28",40.9122,124.073
"612","CG4098,Prosbeta6",695.598,2109.16
"613","CG31778",2.08517,6.3093
"614","CG32448",251.434,760.719
"615","CR44688",430.036,1300.89
"616","CG2145",2.15437,6.5168
"617","CG42750",0.926274,2.79959
"618","Rpp30",14.7421,44.5415
"619","Pex19",160.439,484.286
"620","HSPC300",194.542,586.539
"621","Npc2b",17.4724,52.6167
"622","Sar1",675.033,2032.53
"623","CG32196",14.3823,43.3003
"624","CG1124",3.14493,9.46263
"625","CG14456",2.60529,7.83871
"626","Cyp6a18",0.238836,0.718393
"627","OS9",3.26088,9.80261
"628","kek3",0.562646,1.6897
"629","CG9568",20.2423,60.7852
"630","Arpc3B",5.89822,17.6929
"631","Cyp18a1",18.4,55.1936
"632","CG17633",15.4688,46.3722
"633","Prosalpha3",1750.56,5247.75
"634","Pex12",4.84764,14.5244
"635","ninaC",2.33543,6.99538
"636","beat-IIa",13.0219,39.0017
"637","CG31551",0.301397,0.900489
"638","CG34220",20.9416,62.3756
"639","CG31266",2.70063,8.0435
"640","Syt1",4.65376,13.8595
"641","Hsp70Aa,Tango9",85.7963,255.452
"642","ckd",1.05039,3.12715
"643","cmpy",0.530382,1.57869
"644","CG32187",12.9011,38.3831
"645","Slh",46.6892,138.821
"646","Inx3",30.8165,91.4574
"647","NimB4",0.649973,1.92817
"648","ND-23",103.363,306.444
"649",NA,1.26267,3.74261
"650","CG34120",5.51874,16.3402
"651","Task6",0.748038,2.21471
"652","CG32647",13.9952,41.3998
"653","CG12173",36.2999,107.325
"654","ATPsynF",323.613,956.08
"655","CG14195",0.679327,2.00434
"656","CG13018",69.1558,203.792
"657","CG14817",223.441,657.324
"658","whe",992.941,2913.06
"659","GatC",12.4355,36.4643
"660","byn",0.944093,2.76596
"661","CG3699",5.99182,17.5423
"662","CG33493,ND-13B",253.086,740.282
"663","CG10384",0.500049,1.46179
"664","DIP-beta",0.198374,0.579815
"665","ham",0.498297,1.45637
"666","CG1927",233.583,682.462
"667","CG6178",60.9178,177.917
"668","CG34250,UQCR-Q",702.946,2052.51
"669","tobi",0.756741,2.20918
"670","DCTN5-p25",50.6016,147.722
"671","Fkbp14",172.246,502.594
"672",NA,2.01619,5.87957
"673","CG13947",27.6264,80.5555
"674","cic",172.85,503.999
"675","CG7668",137.427,400.317
"676","Rab26",1.13023,3.2902
"677","Idh",312.123,908.143
"678","lgs",52.1284,151.648
"679","ft",0.168276,0.489489
"680","dpr8",1.1634,3.38406
"681","Tsp42Eq",2.24177,6.51881
"682","Lsd-2",1774.45,5155.48
"683","Ublcp1",58.9801,171.229
"684","AdamTS-A",1.92569,5.59037
"685","eIF4G1",121.059,350.989
"686","CR43904",3.35071,9.70718
"687","CG30419",0.465627,1.34862
"688","CG13177",3.11692,9.02751
"689","CG42521",6.51155,18.8204
"690","Prosalpha5",683.579,1975.62
"691",NA,0.803473,2.32108
"692","Obp57a,Obp57b,Obp57c",21.6337,62.4706
"693","CG5590",75.8018,218.462
"694","Cat",1003.17,2889.88
"695","klu",51.3735,147.924
"696","Jon65Aiii",166.646,479.493
"697","Ktl",1.03895,2.98618
"698","Neb-cGP",568.329,1633.02
"699","CG2200",61.3198,176.069
"700","Rala",102.108,292.378
"701","Cpr57A",5.94555,17.0202
"702","RpL34a",247.554,708.291
"703","CG4716",88.2034,252.287
"704","Sod2",156.638,446.943
"705","CG4829",0.40017,1.14104
"706","CG17475",3.52647,10.0496
"707","Arc42",60.1363,171.257
"708","Jon99Fii",11.9072,33.8996
"709","Ald",329.364,936.812
"710","su(f)",14.3871,40.9172
"711","regucalcin",31.3707,89.1699
"712","CG1402",0.695885,1.97776
"713","CG34194,Cc2d2a",4.5921,13.0393
"714","CR46094",6.56237,18.6203
"715","28SrRNA-Psi:CR45848",18.1129,51.3671
"716","CG16710,CG18754,SPE",6.93677,19.6698
"717","CG9319",27.0357,76.5329
"718","CG10912",20.379,57.6698
"719","CG7705,CR45028",76.4413,216.285
"720","Eip78C",0.602262,1.70376
"721","CG44242",121.86,344.281
"722","CG7299",2.87839,8.12414
"723","Liprin-gamma",3.46409,9.7767
"724","CSN8",79.7698,225.071
"725","Rh7",0.598223,1.68758
"726","DAT",0.524586,1.4782
"727","CG3909",39.5847,111.529
"728","CG12279",22.3377,62.9163
"729","CG14671",70.3199,197.809
"730","flam",13.6666,38.4211
"731","CG6006",15.2434,42.8331
"732","RhoGAP16F,scu",492.171,1382.9
"733","CG6878",137.754,386.743
"734","park",9.67021,27.1305
"735","Syt12,dmrt11E",0.366573,1.02807
"736","RpL32",1214.36,3405.02
"737","Actbeta",0.470033,1.31782
"738","CG44008",24.2592,68.0007
"739","GstE12",71.3965,199.874
"740","NetB",1.92753,5.38688
"741","CG31706",1.45007,4.05222
"742","Mal-A7",3.25077,9.08319
"743","CG34155",2.29799,6.41947
"744","CG11586",166.862,466.08
"745","CR44922",0.443517,1.23768
"746","Chmp1",86.2391,240.593
"747","CG6094",51.901,144.749
"748","CG12825",12.8318,35.773
"749","Fip1",80.2292,223.504
"750","Elal",7.77712,21.6428
"751","CG5862",125.982,350.235
"752","CG31869",11.833,32.8896
"753","CG6295",42.3795,117.759
"754","CG30373",91.6399,254.51
"755","CG34125",106.06,294.536
"756","CG8132",26.0519,72.3312
"757","Cys",207.905,577.114
"758","CG10178",3.36186,9.31874
"759","AnxB10",156.24,432.646
"760","UQCR-C1",232.347,643.003
"761","Eglp4",12.7954,35.4033
"762","Rpn11",352.676,975.582
"763","CG8520,CG8525",28.267,78.1218
"764","Mal-A4",0.862285,2.38125
"765","CG8745",5.82149,16.0763
"766","RhoGEF64C",3.09008,8.52797
"767","CG15423",4.60698,12.7066
"768","CG10038",45.1172,124.406
"769","dikar",38.911,107.286
"770",NA,1.75319,4.83187
"771","COX4",400.755,1104.41
"772","spen",152.708,420.609
"773","mRpS21",194.387,535.037
"774","SPARC",11.2904,31.0567
"775","CG14777,CG14778",46.8665,128.776
"776","galla-1",184.601,507.105
"777","CG9691",26.6357,73.1498
"778","CG9682",2.24756,6.17063
"779","Optix",1.38529,3.80307
"780","Cyp6w1",5.8262,15.988
"781","eya",0.391151,1.07269
"782","BG642312,CG13299,CG42714",14.3024,39.1987
"783","CG9572",4.90092,13.4142
"784","CG43349,CG5011",63.3961,173.411
"785","CG7971",82.3034,225.091
"786","CG44250,CG44251",21.1078,57.6285
"787","HmgZ",253.184,689.572
"788","CG1698",0.930001,2.53243
"789","Amy-d",10.9523,29.7647
"790","Cyp6a2",1.7681,4.79561
"791","ND-B22",215.383,583.806
"792","ATPsynD",413.431,1119.69
"793","CG6329",10.0652,27.2581
"794","CG30499",202.516,548.369
"795","eIF3m",173.469,468.591
"796","CG31198",15.5998,42.1275
"797","Nsf2",8.96015,24.1798
"798","CG17839",6.91328,18.6556
"799","CG18171",6.00645,16.1939
"800","CG30414,roh",438.338,1180.27
"801","CG8209",116.128,312.511
"802","5-HT2A",0.890616,2.38984
"803","CR43650",11.7196,31.4375
"804","CG32444",20.4995,54.9798
"805","Rs1",46.8872,125.731
"806","spheroide",6.34175,16.999
"807","Irbp18",146.89,392.878
"808","kis",55.6875,148.831
"809","RpL15",1088.54,2907.4
"810","CG12374",23.8734,63.7257
"811","eIF5B",157.385,419.996
"812","CG11406",29.4446,78.5644
"813","colt",66.3718,177.049
"814","ATPsyndelta",274.068,730.54
"815","CG42394",4.10795,10.9483
"816","lambdaTry",4.30087,11.4588
"817","CG34183",76.96,205.01
"818","Cyp28d1",1.50768,4.0158
"819","Ppat-Dpck",53.8352,143.338
"820","CG34228",81.5451,217.077
"821","Ncoa6",450.513,1198
"822","FeCH",196.81,523.29
"823","CG6843",175.359,466.247
"824","CG42342",6.07037,16.1283
"825","CG6048",1.86512,4.9461
"826","Myo95E,mRpS24",85.9755,227.85
"827","Orct",6.66046,17.6503
"828","CG14591",1.07299,2.84226
"829","obst-B",1.306,3.45735
"830","CG9911",74.7565,197.9
"831","disco",3.01262,7.97214
"832","CG31030",1.0165,2.68862
"833","Decay",6.85604,18.1318
"834","GstT4",55.6678,147.122
"835","RpS15",895.734,2362.6
"836","Blos2",34.8034,91.7814
"837","CG30120,CG5189",35.8832,94.6256
"838","upSET",38.2771,100.875
"839","RpS9",664.969,1752.31
"840","Muc12Ea",0.333236,0.877038
"841","CG43737",1.81171,4.76277
"842","Rrp46",18.0278,47.3478
"843","CG42524,mir-278",13.2907,34.9066
"844","CG6145",82.7094,217.198
"845","CG14183,CG14184",63.0185,165.287
"846","ND-42,pit",164.539,430.726
"847","e(y)2",100.116,262.04
"848","unc80",0.267127,0.699142
"849","rha",0.39388,1.03079
"850","CG45080",1665.07,4355.79
"851","Taf10",101.981,266.574
"852","ths",0.301578,0.78805
"853","Gbp1",10.3768,27.0924
"854","ND-ACP,l(3)02640",586.434,1530.91
"855","CG16935",38.5303,100.562
"856","Cpr",982.567,2562.33
"857","CG14968",7.25246,18.9032
"858","ND-49",89.1833,232.181
"859","Odc1",4.33241,11.2733
"860","nAChRalpha5",3.01603,7.8468
"861","Jarid2",270.126,702.699
"862","Pkg21D",1.09114,2.83798
"863","Rcd4",93.4289,242.676
"864","CG9643",45.8038,118.963
"865","CG15890",0.412505,1.07129
"866","Hexo2",33.1501,86.0508
"867","Fmo-2",19.6375,50.9431
"868","CG31675,CG9338",8.61908,22.3206
"869","Men",91.5602,237.104
"870","CG12105",2.26239,5.85845
"871","mRpL33",131.585,340.6
"872","CG15093",90.7337,234.83
"873","Hsc70-2",6.02901,15.5911
"874","Tbh",0.372551,0.963071
"875","Rpt3",284.481,735.306
"876","CG7009",21.7052,56.0987
"877","CG44037,svp",51.6901,133.517
"878","CG18731",53.3072,137.689
"879","axo",1.19477,3.08457
"880","CG14082",0.856061,2.20482
"881","Jon65Aiv",195.939,503.853
"882","Ance",6.22413,15.9764
"883","Diedel3",2.99977,7.69372
"884","CR45806",34.0706,87.3671
"885","Reph",47.4611,121.702
"886","COQ7",94.4419,242.125
"887","CG6638",40.3675,103.469
"888","CG7322",194.987,499.338
"889","CR44144",6.50974,16.6697
"890","Cbp53E",2.6421,6.76435
"891","Cyt-b5-r",16.8798,43.2145
"892","CG13919",31.3096,80.04
"893","epsilonCOP",40.7649,104.194
"894","CG14903",104.501,267.031
"895","Sucb",22.9765,58.7112
"896","CR44898,robo2",1.71982,4.39374
"897","CG7560",2.20605,5.63511
"898","CG5506",41.6922,106.472
"899","RpL31,Updo",2263.62,5776.58
"900","mspo",2.89814,7.38529
"901","CG2765",653.064,1660.69
"902","CG14022",8.97418,22.8127
"903","CG1468",8.70745,22.1081
"904","Apf,CG31712",43.748,111.071
"905","mRpL19",43.3832,110.098
"906","l(1)G0004",85.6185,217.188
"907","Pmm2",68.0435,172.568
"908","CG31041",21.7315,54.98
"909","CG43090",5.13811,12.9957
"910","CG12320",5.51325,13.9444
"911","CG34039,CR44843",24.5741,62.1521
"912",NA,1.85632,4.69
"913","CG9649",1.80071,4.54548
"914","Gbp3",4.97879,12.5676
"915","CG43795",0.280859,0.708899
"916","Zfrp8",17.305,43.6283
"917","DNaseII",3.20703,8.05697
"918","CR33987,tio",2.29809,5.76553
"919","CG34150",75.9128,190.358
"920","Nha1",2.41913,6.06528
"921","CG17108",150.464,377.02
"922","ChAT,VAChT",10.3653,25.9617
"923","mAChR-A",0.567284,1.4203
"924","CG32633",7.97032,19.9368
"925","CG32683",0.644654,1.61186
"926","Amy-p",18.4593,46.1413
"927","nonA",81.1506,202.833
"928","CR45216,sosie",9.75418,24.3691
"929","CG31121",2.13247,5.32306
"930","zetaCOP",103.612,258.547
"931","bond",3.46974,8.65772
"932","kuz,mir-2489",147.34,367.54
"933","CG8602,Cln7",93.5927,233.227
"934","CG18815",164.009,408.022
"935","CG4752",9.58525,23.8421
"936","trp",7.59863,18.8984
"937","Ets98B",4.11655,10.2284
"938","CG3337,CR44265",18.3556,45.5209
"939","CG11889,CG11891",1.73132,4.293
"940","Sptr",42.7318,105.825
"941","Aac11",44.873,111.085
"942","CG10470",107.217,265.395
"943","nSyb",7.28421,17.991
"944","hui",2.84931,7.03475
"945","CG10166",57.6603,142.065
"946","Ciao1",97.6,240.466
"947","CG5013",14.4558,35.5911
"948","CG1309",33.1002,81.4759
"949","CR44386",8.65575,21.2804
"950","CG8837",0.773954,1.90086
"951","Gs2",26.132,64.0528
"952","Ser7",1.56259,3.83007
"953","Nop56",161.773,396.398
"954","Bet5",21.9626,53.7814
"955","Hex-A",427.227,1045.92
"956","Nplp2",73.0452,178.75
"957","CG8891",68.8817,168.557
"958","apolpp",26.0526,63.7502
"959",NA,2.65169,6.48817
"960","salm",9.59485,23.472
"961","CRAT",7.47574,18.2805
"962","vir-1",390.803,955.536
"963",NA,3.89856,9.52345
"964","CG17593",73.2553,178.883
"965","CG4390",91.9415,224.49
"966","CG6153",37.4959,91.5191
"967","Jon99Fi",23.6031,57.6087
"968","elB",6.6382,16.1992
"969","CG32163",19.0727,46.5371
"970","CG11505",369.044,900.108
"971","TotC",22.8099,55.6014
"972","hh",1.29001,3.1438
"973","CG42795",0.813594,1.98199
"974","CG2604",73.2051,178.17
"975","mRpS18C",71.655,174.301
"976","Nplp3",19.8268,48.2076
"977","nkd",3.12182,7.59007
"978","CG17124",12.1973,29.6521
"979","CG16817",661.914,1608.87
"980","CG8860",296.606,720.835
"981","CG12780",27.5588,66.9664
"982","CG1304",1.68391,4.09161
"983","S6k",109.203,265.245
"984","ND-B16.6",262.838,637.592
"985","east",78.4807,190.272
"986","nAChRbeta1",7.03027,17.0379
"987","Drip",6.15155,14.9065
"988","mRpL32",50.2152,121.67
"989","CG12975",64.6001,156.451
"990","eca",95.2839,230.561
"991","SoxN",1.07026,2.58225
"992","CG2970,fzr2",143.032,345.08
"993","CG45002",0.936539,2.25945
"994","CG9669",345.899,833.76
"995","beat-IIIb",0.984654,2.37292
"996","CG1809",2.40267,5.78679
"997","CG3803",22.2918,53.6849
"998","CG42313",0.569575,1.37056
"999","CR44725",8.7417,21.0228
"1000","CG1907",32.4288,77.9792
"1001","Ski6",19.597,47.1159
"1002","Rdl",28.408,68.2839
"1003","CG30371",8.26498,19.8642
"1004","CG7556",88.0165,211.385
"1005","His3.3A",292.896,703.408
"1006","dally",47.9669,115.184
"1007","SmB",217.919,523.061
"1008","Pdfr",23.977,57.5411
"1009","AdamTS-A",2.88185,6.90971
"1010","CG5059",56.2531,134.874
"1011","Obp19d",79.9187,191.58
"1012","stnA",0.991335,2.3753
"1013","CG13321",27.6242,66.1312
"1014","NimB2",10.4144,24.9241
"1015","CG31997",32.9166,78.7322
"1016","CG10131",1.87647,4.482
"1017","CG17768,LSm-4",140.898,335.251
"1018","fus",566.13,1346.61
"1019","CG11841",3.66763,8.71537
"1020","CG8774",1.4039,3.32719
"1021","CR43960,Ten-a",69.0948,163.688
"1022","CG1789",121.498,287.278
"1023","sip3",36.9203,87.2254
"1024","NT5E-2",3.74379,8.84326
"1025","CG34227",92.0689,217.21
"1026","CG42397",19.7471,46.5764
"1027","up",81.941,193.218
"1028","CR45479,ND-B14.5A",438.724,1032.91
"1029","CG9452",1.5223,3.5824
"1030","CG5177",6.47103,15.2243
"1031","Idgf5",0.931084,2.1896
"1032","Mal-A8",5.19149,12.2078
"1033","scrt",16.1845,38.0271
"1034","ringer",3.73314,8.76557
"1035","CG5107",12.2244,28.6909
"1036","oc",0.468783,1.09973
"1037","cer",104.273,244.166
"1038","CG30154",10.9643,25.6684
"1039","RpL23",3195.36,7480.28
"1040","Hsc70-1",1.5845,3.70807
"1041","CG17266",62.801,146.627
"1042","CR45635",2.93618,6.84861
"1043","ana",1.47353,3.43265
"1044","CIA30",76.8138,178.787
"1045","CG11878",4.8592,11.3065
"1046","CG17454",159.04,369.712
"1047","plh",4.8455,11.258
"1048","MFS17",36.2005,84.088
"1049","CG31777",26.3738,61.2363
"1050","Lig4",14.0411,32.5571
"1051","CG9297",4.16137,9.64854
"1052","CG4301",1.49609,3.46746
"1053","CG9664",4.15593,9.6295
"1054","Dad1",313.887,727.241
"1055","Npc2e",49.5433,114.758
"1056","CG11275",26.3928,61.1249
"1057",NA,5.21321,12.0636
"1058","Ih",20.5707,47.5925
"1059","beat-VI",2.10436,4.86737
"1060","mRpS23",110.845,256.338
"1061","tutl",4.8203,11.1462
"1062","Rbp6",19.5726,45.1991
"1063","onecut",1.04734,2.41697
"1064","CG40485",2.79326,6.44458
"1065","CG16779",2.5716,5.93297
"1066","CG15922",128.623,296.719
"1067","CG12402",0.495538,1.14151
"1068","CG15822",0.379682,0.874278
"1069","CG17560,mir-2494",413.755,952.397
"1070","Pkc53E",3.19133,7.33862
"1071",NA,4.10911,9.44657
"1072","CG6123",0.996546,2.29055
"1073","CR45952",20.57,47.2695
"1074","Rbbp5",10.5976,24.3414
"1075",NA,1.84613,4.23827
"1076","GstE13",51.4171,118.037
"1077","CG7275",18.6364,42.7822
"1078","CR46006",2.06135,4.72909
"1079","tex",19.5817,44.9122
"1080","Tsp2A",22.6929,52.0444
"1081","retinin",7.86453,18.0351
"1082","Uch-L5",102.407,234.812
"1083","Desat2",11.494,26.3539
"1084","CG32052,Ilp1",0.800257,1.83449
"1085","Jon99Ci",7.00747,16.0505
"1086","sm",6.59147,15.0902
"1087","CG7789",46.3199,106
"1088","CG14341",59.6983,136.578
"1089","Wnt6",2.29712,5.25523
"1090","CG46244,Lar",26.7879,61.2642
"1091","CR44645",3.49972,7.99817
"1092","CG15611",3.33048,7.6103
"1093","CG18507",3.63123,8.29646
"1094","CG11180",162.751,371.755
"1095","Rh6",9.63202,21.9988
"1096","CG4467",2.8074,6.41156
"1097","Wdr62",242.936,554.494
"1098","pio",2.89334,6.60374
"1099","CR45361",1.4014,3.19781
"1100","CR45994",31.8568,72.681
"1101","drl",1.98999,4.53584
"1102","Tsp",1.39984,3.18937
"1103","CG7920",148.653,338.453
"1104","CG14543",105.334,239.724
"1105","Mdh1",292.297,665.042
"1106","cype",817.657,1859.69
"1107","CG4537",34.3699,78.1129
"1108","Alas",629.193,1429.94
"1109","Tps1",52.4052,118.965
"1110","Ggamma30A",23.5081,53.3153
"1111","CG6724",11.5624,26.2009
"1112","Nup93-2",18.3429,41.5315
"1113","CG7849",9.97615,22.5839
"1114","Pde6",16.2943,36.8588
"1115","Nlg3",1.27145,2.87532
"1116","CG32856",42.854,96.9043
"1117","agt",111.918,253.066
"1118","Pka-C3",35.0516,79.2058
"1119","CG8654",3.45088,7.79721
"1120","CG11151",960.205,2166.24
"1121","Ance-4",1.20309,2.71419
"1122","Cyp4d21",0.910345,2.05351
"1123","ND-B14.5B",210.532,474.489
"1124","CG14830",2.62913,5.92529
"1125","vkg",2.85575,6.43211
"1126","CG31176",3.59472,8.09388
"1127","kek1",8.53832,19.2191
"1128","PPP4R2r",104.338,234.834
"1129","Dat",38.5344,86.7075
"1130","CG6356",7.81942,17.5856
"1131","SRPK",139.441,313.292
"1132","Rnp4F",241.32,541.927
"1133","Prosap,Rcd1",77.862,174.842
"1134","Drat",349.274,783.982
"1135","CG34200",300.667,674.699
"1136","Jheh1",10.5625,23.6321
"1137","CG4847",6.8318,15.2732
"1138","CG6712",70.7197,158.02
"1139","mid",1.09213,2.43957
"1140","Bace",44.4285,99.2076
"1141","CG17928",10.5934,23.6324
"1142","CG14669",0.914846,2.03978
"1143","Gug",289.719,645.481
"1144","Gfrl",2.86349,6.37227
"1145","ben",601.422,1338.33
"1146","CG1142",47.827,106.325
"1147","CG14439",2.02827,4.50899
"1148","luna",7.46516,16.5924
"1149","Ppa",28.6129,63.4984
"1150","mRpL34",147.368,327
"1151","Gip",67.701,150.134
"1152","bt",121.965,270.36
"1153","CG1427",10.347,22.9199
"1154","FKBP59",436.564,966.812
"1155","CG17841",136.803,302.916
"1156","CG13751",172.33,381.56
"1157","CG8586",4.11857,9.11612
"1158","AIMP1",130.901,289.422
"1159","ND-B14.7",141.73,313.362
"1160","CG2862",433.637,957.247
"1161","Ppox",20.4773,45.2017
"1162","CG7277",66.0986,145.906
"1163","CG15908",62.1431,137.15
"1164","caix",3.29707,7.27129
"1165","wry",0.810782,1.7867
"1166","CG9394",2.16694,4.77366
"1167","CG4928",22.6064,49.7625
"1168","Pvf3",0.839497,1.84696
"1169","geko",27.772,61.0783
"1170","CG7772",199.581,438.903
"1171","CG2233",36.6166,80.5238
"1172","CR45798",280.262,616.165
"1173","Vmat",5.02601,11.043
"1174","Vha100-4",0.830677,1.82466
"1175","CG14292",136.652,300.14
"1176","Pkc98E",49.8199,109.402
"1177","MED18",41.4859,91.0605
"1178","ND-SGDH",167.63,367.93
"1179","Trc8",119.019,260.909
"1180","na",1.01945,2.23383
"1181","Tm1",334.099,731.484
"1182","TyrRS-m",148.476,324.549
"1183","CG34008",42.7689,93.423
"1184","TyrR",0.420571,0.918519
"1185","CG5150",1.61447,3.52468
"1186","Taf2",32.095,70.0515
"1187","Npc2h",10.5499,23.0162
"1188","Con",3.0042,6.55385
"1189","Ak6",29.8365,65.0482
"1190","CG30151",3.47613,7.55963
"1191","CG33051",20.3566,44.2451
"1192","CCHa2",6.93418,15.0568
"1193","CG7084",5.11726,11.1109
"1194","RpL28,snoRNA:Or-CD11a,snoRNA:Or-CD11b",1904.77,4134.46
"1195","fon",7.85164,17.0241
"1196","Fas2",22.4026,48.565
"1197","RpL27",871.106,1888.4
"1198","fz2",5.1803,11.2298
"1199","CG4587",1.43265,3.10546
"1200","mRpL21",58.2456,126.214
"1201","CG30291",43.3439,93.9136
"1202","Dyrk3",18.9692,41.0468
"1203","Rbp1-like",50.6676,109.628
"1204","CG2662",22.4836,48.6467
"1205","cpx",12.1999,26.3874
"1206","Rpt5",130.233,281.59
"1207","GstT3",78.468,169.655
"1208","mRpL28",119.115,257.513
"1209","mRpL38",51.5518,111.4
"1210","Cp15",475.994,1028.34
"1211","Thiolase",111.975,241.785
"1212","antdh",2.67075,5.76633
"1213","RpL24-like",881.331,1902.59
"1214","tou",107.449,231.818
"1215","CG5791",42.808,92.3406
"1216","CG5065",16.3703,35.3112
"1217","CR43334",5.62415,12.1288
"1218","CG9674",12.1324,26.1525
"1219","mRpS16",125.603,270.413
"1220","CG12239",1.29453,2.78593
"1221","TfIIFalpha",317.733,683.429
"1222","chb",21.8769,46.9935
"1223","CG17549",23.0886,49.5726
"1224","mmd",3.05234,6.54633
"1225","Tsp29Fa",5.41557,11.6119
"1226","CG32318,Psf1",24.0667,51.5873
"1227","mRpL15",48.7651,104.482
"1228","PIG-K",21.3213,45.664
"1229","CG3868",7.94013,16.998
"1230","CG7054,Pebp1",79.6025,170.299
"1231","CG6308",28.0391,59.9138
"1232","CG18428",102.752,219.329
"1233","CG4872",16.846,35.9495
"1234","mRpL55",94.6601,201.994
"1235","ACC",72.1975,153.985
"1236",NA,2.64918,5.64638
"1237","bol",17.2059,36.6678
"1238","mRpL42",72.2551,153.778
"1239","CG17816",4.83488,10.2848
"1240","CG12605",5.83624,12.4104
"1241","IM23",42.7302,90.7809
"1242","pan",20.0494,42.595
"1243","RpL38",442.606,939.918
"1244","Lim1",2.7139,5.76152
"1245","sun",515.505,1093.51
"1246","CG31200",5.15699,10.9363
"1247","olf413",1.02925,2.17399
"1248","bip2",126.544,267.262
"1249","Octbeta2R,mir-284",13.6268,28.7767
"1250","CR44754",0.796835,1.68196
"1251","Pdh",11.0673,23.3408
"1252","CG34383",4.63024,9.76447
"1253","miple1",1.20566,2.54179
"1254","Hf",6.83688,14.3982
"1255","CG1695",1.71814,3.61822
"1256","CG2182",187.306,393.975
"1257","Cpr49Ae",7.12199,14.9746
"1258","CG17776",121.338,255.076
"1259","Tsp42Ec",2.75549,5.78838
"1260","Hnf4",83.3304,175.017
"1261","CG14500",6.43107,13.4985
"1262","CG33054,CG33056",77.6083,162.859
"1263","sns",0.309118,0.648594
"1264","CG6766",43.3604,90.9718
"1265","CG12499",13.6972,28.7234
"1266","CG13255,Pka-R1",159.609,334.075
"1267","NimB3",7.90409,16.536
"1268","mRpS18A",155.904,326.086
"1269","CG17691",87.7039,183.42
"1270","unc-13-4A",2.91009,6.08205
"1271","CG11319",0.740965,1.54839
"1272","CG30116",1.50051,3.13505
"1273","ATPCL",56.1889,117.394
"1274","PGRP-SC2",18.973,39.624
"1275","GluRIB",1.41511,2.95536
"1276","RpS20,snoRNA:Psi18S-1295",1056.79,2205.17
"1277","Rga",64.1479,133.851
"1278","Drs",290.081,605.17
"1279","fsd",30.1469,62.8178
"1280","JhI-26",16.371,34.0889
"1281","CG17211,Phae2",5.06877,10.5523
"1282","CG7071,Muted",32.4888,67.6306
"1283","Acf",34.3642,71.5156
"1284","trv",15.7013,32.6755
"1285","MED28",55.0217,114.481
"1286","CG9864",3.7103,7.71291
"1287","CG9449",2.40881,5.00611
"1288","RpS16",1217.99,2528.06
"1289","Myo10A",0.825243,1.71279
"1290","Baldspot",64.7978,134.461
"1291","CG7834",184.662,383.123
"1292","CG3436,ND-15",461.224,956.888
"1293","Oatp58Dc",1.76259,3.65669
"1294","lqf",86.5701,179.385
"1295","CG5021",53.8831,111.628
"1296","Ada2a,Rpb4",50.3594,104.316
"1297","RpS21",1292.33,2675.53
"1298","CG44013,CG44014",7.47937,15.4842
"1299","Art8",13.3618,27.6311
"1300","CG17508",89.0256,183.959
"1301","mei-W68,par-1",115.146,237.847
"1302","cathD",438.663,905.855
"1303","hdly",13.6999,28.283
"1304","SP1173",5.37647,11.0977
"1305","RpLP0-like",143.671,296.397
"1306","CG14661",6.41947,13.2346
"1307","CG8353,CG8360",55.1476,113.62
"1308","CG42568,DnaJ-60",27.9687,57.6227
"1309","CG15525",61.396,126.415
"1310","RpS2",336.589,691.767
"1311","sff",1.75245,3.59962
"1312","Acyp2,CG9593,nsl1",63.1111,129.493
"1313","CG7882",1.8354,3.76191
"1314","hth",49.811,102.078
"1315","CG11722",39.3364,80.562
"1316","CG43155",1.44054,2.95024
"1317","CG8066",97.3162,199.237
"1318","ECSIT",14.7099,30.0333
"1319","CG33926",36.7593,74.9937
"1320","CG17221",23.7551,48.4374
"1321","Nmd3",45.0728,91.8876
"1322","Sdc",164.756,335.858
"1323","CG9776",152.61,310.989
"1324","p47",177.843,362.259
"1325","CR43314,bft",15.1462,30.8509
"1326","mRpL43",68.7561,139.97
"1327","PsGEF",1.02405,2.08309
"1328","dsh",47.3065,96.2137
"1329","msi",49.2872,100.115
"1330","CG3939",144.05,292.578
"1331","CG4594,CG4598",95.3785,193.623
"1332","tty",1.29402,2.62624
"1333","CG8331",276.43,560.985
"1334","Scp2",2.07575,4.21204
"1335","CG43134",27.3705,55.5111
"1336","CG10932",47.8762,97.0638
"1337","CG42369",8.2129,16.6443
"1338","Nckx30C",6.92581,14.0276
"1339","CG10550",2.56443,5.19009
"1340",NA,5.88261,11.8975
"1341","cindr",101.972,206.222
"1342","CG14252",3.12687,6.31308
"1343",NA,8.30609,16.7681
"1344","Alp4",10.742,21.6852
"1345","CG13917",51.3785,103.719
"1346","CG12963",10.3933,20.9614
"1347","CG10623",5.96178,12.022
"1348","EbpIII",374.222,754.477
"1349","CG18661,Try29F",14.9285,30.0603
"1350","shep",271,545.066
"1351","CG3594",35.8838,72.1618
"1352","Ufl1",6.95843,13.9916
"1353","CG5397",2.04488,4.1083
"1354","CG17982",40.4658,81.2865
"1355","CG43759",66.3112,133.189
"1356","CG3335",24.7857,49.7373
"1357","Teh2,Teh3",13.9537,27.9922
"1358",NA,3.43081,6.88084
"1359","dj-1beta",97.3598,195.257
"1360","CG42724",21.7725,43.6263
"1361","Frq2",3.07935,6.16988
"1362","CG17278",31.0948,62.2916
"1363","Crys",1.45618,2.9153
"1364","nac",17.8804,35.7874
"1365","5-HT1A",0.946951,1.89452
"1366","bora",29.9154,14.9522
"1367","Irk3",10.2152,5.10518
"1368","CG9062",19.0523,9.51694
"1369","CG11378",15.9445,7.94868
"1370","pst",56.2908,28.057
"1371","CG4078",6.16258,3.07145
"1372","Axs",5.3387,2.6557
"1373","CG12024",32.3067,16.0628
"1374","AdoR",2.61548,1.29921
"1375","Ulp1",10.0242,4.97881
"1376","CG13631",960.066,476.704
"1377","Abi",15.0424,7.46769
"1378","CG8679",6.58016,3.26296
"1379","CG9684",18.5402,9.19288
"1380","pzg",26.4888,13.1316
"1381","CG7386",9.11295,4.51711
"1382","gig",3.66153,1.81364
"1383","Nek2",16.512,8.17689
"1384","CG14641",27.6049,13.6644
"1385","Vps13B",2.68836,1.33035
"1386","GATAd",7.77531,3.84484
"1387","CG18764",5.1503,2.54673
"1388","CG15601",13.4857,6.667
"1389","CG3842",18.5672,9.16614
"1390","alpha-Est10,alpha-Est9",8.75875,4.32353
"1391","CG3626",7.23666,3.5706
"1392","Rpt6R",9.88195,4.87502
"1393","CG31407,Mical",11.8323,5.83622
"1394","CG17829,CR45475",21.716,10.707
"1395","wda",8.39767,4.13997
"1396","Mcm2",10.3912,5.1214
"1397","JhI-21",22.368,11.0206
"1398","CG14609,lap",13.795,6.79003
"1399","CG9662",65.137,32.0317
"1400","RASSF8",14.8848,7.31706
"1401","Taf8",25.779,12.6673
"1402","Tif-IA",26.3422,12.9316
"1403","CG5521",5.10534,2.5054
"1404","sigmar",43.193,21.1872
"1405","Rtnl1",87.8308,43.0817
"1406","CG10492",24.8484,12.1819
"1407","cdc14",8.79369,4.30852
"1408","BicC,CG45084",127.861,62.6423
"1409","CG4813",11.5647,5.66336
"1410","scramb2",26.8017,13.1248
"1411","CG12299",12.8081,6.27067
"1412","Slmap",41.7058,20.4045
"1413","cnk",7.09861,3.46979
"1414","CG30056,fra",2.66321,1.30041
"1415","Gga",19.3709,9.44953
"1416","La",100.263,48.8688
"1417","CR43174",6.87051,3.34681
"1418","CG17470,phr6-4",22.4663,10.9378
"1419","Syx13",40.6467,19.779
"1420","CG15107",37.8761,18.4272
"1421","Tsp3A",6.5143,3.16857
"1422","MESR4",20.6764,10.0416
"1423","Mes2",24.1999,11.7502
"1424","CG16717",15.3151,7.43399
"1425","Nbr",37.9475,18.392
"1426","lili",15.8391,7.67455
"1427","CG14767",30.9362,14.9894
"1428","mol",19.3906,9.39212
"1429","Nopp140",44.4595,21.5317
"1430","Sdr",2.27718,1.10233
"1431","obe",6.06087,2.93372
"1432","PpD3",31.3039,15.1352
"1433","shu",23.0125,11.1199
"1434","homer",18.8883,9.12549
"1435","Nipsnap",72.0611,34.8145
"1436","CG2065",25.3879,12.2593
"1437","caz",95.562,46.1054
"1438","CG8195",7.69746,3.71285
"1439","CG17187",21.1135,10.1817
"1440","CG8613",10.0661,4.85358
"1441","Mlf,bdg",57.2234,27.5807
"1442","CG4751",3.34778,1.61309
"1443","Sep2",51.4133,24.7534
"1444","CG16953",25.4773,12.2611
"1445",NA,6.60039,3.17498
"1446","eRF3",62.0038,29.8247
"1447","Slip1",16.4251,7.89801
"1448","aub",8.11694,3.90293
"1449","Sema5c",1.11768,0.537199
"1450","CG30096",5.12154,2.46152
"1451","GstE6",60.6023,29.1212
"1452","Act42A",49.5931,23.8103
"1453","Ret",4.32863,2.07508
"1454","CG10133",21.1349,10.13
"1455","TBC1D16",7.34285,3.51411
"1456","NaPi-III",29.6259,14.167
"1457","CG8292,Snx6",38.6342,18.472
"1458","Atg16",15.2788,7.30396
"1459","Zcchc7",11.732,5.60741
"1460","CG32091",53.357,25.4895
"1461","CG42353,CG42354",27.5464,13.157
"1462","Chchd2",468.684,223.732
"1463","gammaTub23C",23.9791,11.4464
"1464","REG,mew",71.6923,34.2219
"1465","CG45101",13.5946,6.48913
"1466","CG33298",12.4343,5.93408
"1467","CG17129,CG3386",20.2968,9.68275
"1468","Tnpo-SR",8.0149,3.82312
"1469","Snap24",15.1001,7.20181
"1470","Act5C",300.382,143.23
"1471","bdl",16.27,7.75118
"1472","CG9663",2.57383,1.22391
"1473","CG18081",28.4595,13.5233
"1474","Aatf",15.6105,7.41586
"1475","subdued",7.44502,3.53458
"1476","CG14722",26.8186,12.7209
"1477","CG31495",4.84741,2.29856
"1478","CG17337",104.818,49.6786
"1479","Spt3",4.53537,2.14777
"1480","GILT1",211.626,100.108
"1481","CG4239",10.6847,5.04756
"1482","Cont,Sfxn1-3",33.2048,15.6777
"1483","CG11893",3.45081,1.62918
"1484","Dmtn",21.3392,10.0726
"1485","CG7379",31.9562,15.0834
"1486","pyx",10.4451,4.92998
"1487","CG12179,CG12184",7.69582,3.62995
"1488","Pop2",73.1394,34.4935
"1489","mip40",31.731,14.9619
"1490","CG11665",23.5843,11.1195
"1491","row",11.4141,5.37733
"1492","Atet",6.28846,2.9623
"1493","CG17359",26.4625,12.4638
"1494","Ctr1A",5.73354,2.69639
"1495","CG3815",11.9025,5.59396
"1496","gwl",50.3562,23.6449
"1497","Mos",34.3835,16.139
"1498","Bmcp",24.8407,11.658
"1499","Vps45",6.90258,3.23923
"1500","cold",42.4986,19.9417
"1501","GCC185",8.34893,3.91716
"1502","r-l",53.1302,24.8678
"1503","sdk",7.63466,3.57272
"1504","fwd",17.3971,8.139
"1505","Tbce",18.613,8.70204
"1506","alpha4GT1",16.653,7.78451
"1507","UGP",38.1166,17.7817
"1508","CG30156,vimar",15.1111,7.04492
"1509","CG14883",21.4119,9.98205
"1510","Tsp74F",48.3925,22.5569
"1511","DptA",68.1341,31.7549
"1512","CG7745",21.8611,10.1779
"1513","CG12948,CG34409",30.5095,14.193
"1514","CG10041,MBD-R2",12.6369,5.87601
"1515","CG17802,CG17803,CG17806",26.6424,12.3854
"1516","Pkcdelta",1.62094,0.753432
"1517","CG11807,CG42391",23.9688,11.1407
"1518","Lrch",7.61281,3.5378
"1519","ifc",55.5971,25.8364
"1520","lama",23.4917,10.9164
"1521","CG13074",8.24679,3.83068
"1522","wek",14.8555,6.89932
"1523","RhoGEF2",12.2083,5.6598
"1524","CecA1",33.5088,15.5343
"1525","Vps16A",11.0744,5.13275
"1526","Sep1",58.8445,27.2687
"1527","CR40469",5736.98,2658.1
"1528","Uvrag",9.5281,4.41125
"1529","CG13101",9.43917,4.36493
"1530","Pms2",12.5665,5.80702
"1531","SRm160",20.116,9.29281
"1532","drk",31.4344,14.5164
"1533","CenB1A",18.4754,8.5252
"1534","GAPsec",9.6502,4.45245
"1535","Liprin-alpha",7.58659,3.4981
"1536","CG17159,CG17162",14.7073,6.77324
"1537","CG1663",13.2724,6.10682
"1538","CG11034",8.02436,3.69207
"1539","CG13097",25.0268,11.5072
"1540","tgo",10.5121,4.83209
"1541","AGO3",668.269,307.101
"1542","RhoGEF3",10.8807,4.99688
"1543","Sf3b6",56.5147,25.935
"1544","GstD1",1176.14,539.712
"1545","CG14995",7.8106,3.58362
"1546","trc",27.1299,12.4439
"1547","CG33096",22.6231,10.3759
"1548","DnaJ-1",108.394,49.7123
"1549","l(2)gl",22.9123,10.5054
"1550","Tim8",112.353,51.51
"1551","CG6424",19.1427,8.77105
"1552","Rheb",35.1151,16.0854
"1553","CG17493",48.4232,22.1673
"1554","Nak",20.0676,9.17619
"1555","Capr",42.5397,19.4442
"1556","Arf79F",94.7212,43.2765
"1557","grp,squ",177.035,80.8718
"1558","Nmda1",47.1908,21.5329
"1559","CG43078",18.12,8.26137
"1560","CG13895",8.04049,3.66546
"1561","Stam",13.3562,6.08779
"1562","Pc",14.1676,6.45523
"1563","CG4332",15.8084,7.19556
"1564","Kap-alpha3",84.9343,38.6589
"1565","lost",153.382,69.783
"1566","Rme-8",6.17449,2.80844
"1567","CG17163",48.1277,21.8896
"1568","CR45168,sti",15.5043,7.04875
"1569","CG5466",6.78124,3.08158
"1570","CG11723",11.5568,5.24958
"1571","CG17834",10.2185,4.63998
"1572","CG16721",10.7536,4.87606
"1573","CG5694",18.4901,8.3792
"1574","Orc1",27.0015,12.234
"1575","tub",34.4165,15.5717
"1576","Kap3",17.1655,7.76045
"1577","CG2617,IKKepsilon",27.073,12.2389
"1578","sqh",132.408,59.8167
"1579","Dyrk2",6.04077,2.72685
"1580","BEAF-32",63.2577,28.5305
"1581","CG11504,CG34298",31.7359,14.3129
"1582","IntS12",26.9221,12.1344
"1583","Reep1",44.9539,20.2573
"1584","CG15535,CG2217,CG42740",19.5647,8.8148
"1585","CG14814",80.0504,36.0523
"1586","Blm",11.3402,5.1067
"1587","LBR",25.9481,11.6747
"1588","Bgb",34.7023,15.6091
"1589","lmgB",9.73352,4.37647
"1590","CG32758",21.042,9.46068
"1591","CG30069",1.71557,0.77114
"1592","rdgBbeta",30.9137,13.8879
"1593","CG8239",26.6963,11.9926
"1594","sinu",7.25144,3.25666
"1595","CG44774,hpRNA:CR46342",436.945,196.051
"1596","Lap1",8.29345,3.72053
"1597","CG14921",4.33331,1.94333
"1598","GluRIID,GluRIIE",1.74062,0.780054
"1599","Dro",75.5103,33.8246
"1600","CG11825",44.4112,19.8911
"1601","Maf1",40.1245,17.949
"1602","CG3631",6.03217,2.69582
"1603","CG13689",23.8199,10.6383
"1604","mub",18.8871,8.43446
"1605","roq",11.621,5.18874
"1606","CG13893",23.5046,10.4909
"1607","Pof",14.5927,6.5082
"1608","CG10413",10.5121,4.68759
"1609","per",3.63195,1.61827
"1610","spag",22.2354,9.89355
"1611",NA,4.68437,2.0839
"1612","CG3558",14.8286,6.59549
"1613","tam",7.3213,3.25214
"1614","Vps35",9.73682,4.32408
"1615","Jafrac1",995.034,441.774
"1616","CG17544",4.95821,2.20118
"1617","Non2",135.628,60.1356
"1618","Su(var)2-HP2",10.8289,4.80018
"1619","CG43339,Mst36Fa,Mst36Fb,tos",36.9527,16.3743
"1620","cbs",19.2786,8.54109
"1621","CG5726,mir-11182",13.0474,5.78023
"1622","PIG-C",9.92198,4.39188
"1623","CG5068",12.2015,5.40001
"1624","Mitf",20.1083,8.89917
"1625","Mocs1",17.4567,7.71379
"1626","fy",11.2354,4.96347
"1627","jar",6.67051,2.94442
"1628","CG16833",12.9815,5.7214
"1629","CG6568",17.8766,7.8774
"1630","CG7616",5.66595,2.49524
"1631","achi",3.86635,1.70227
"1632","Usp1",11.7911,5.18989
"1633","CG17764,Cdk7",28.0638,12.3464
"1634","Mink,Trf4-2",27.3035,12.0099
"1635","CG7627",53.2807,23.4136
"1636","Plod",7.30927,3.20939
"1637","Rbf",21.2507,9.32736
"1638","CG10631",4.40408,1.93213
"1639","CG9498",108.623,47.6305
"1640","CG3106,Ptpmeg2",82.1177,35.9669
"1641","Chd64",80.0647,35.0021
"1642","U4-U6-60K",15.6043,6.81876
"1643","CG1941",30.2531,13.2158
"1644","lace",18.6119,8.12538
"1645","CG10347",6.10737,2.66586
"1646","SMC3",16.2373,7.08057
"1647","CG17068",8.03374,3.50318
"1648","CycJ,armi",23.8871,10.4062
"1649","ana1",5.47332,2.38339
"1650","CG5316",7.64161,3.32498
"1651","bor",15.3207,6.66263
"1652","h",262.977,114.349
"1653","Best1",19.5546,8.50169
"1654","rgr",9.5774,4.16254
"1655","CG11897",43.7488,18.9873
"1656","metro",5.63147,2.44223
"1657","Trx-2",212.565,92.1014
"1658","CG7523",69.1229,29.9464
"1659","conu",14.9431,6.4732
"1660","CG12717,ade5",47.9267,20.7564
"1661","CG43427",13.0456,5.64862
"1662","CG3430",27.565,11.935
"1663","CG13380,CG4174",34.7074,15.0032
"1664","AnxB11",34.1122,14.7429
"1665","mav",18.7076,8.08421
"1666","CG33158",4.90076,2.11762
"1667","Cortactin",17.1937,7.42392
"1668","frj",15.4667,6.67818
"1669","nes",19.407,8.37025
"1670","B4",10.158,4.37969
"1671","dlp",9.76426,4.20803
"1672","PlexA",19.7833,8.51998
"1673","CG15160",8.4919,3.65578
"1674","DNApol-epsilon58",6.98912,3.00811
"1675","Dlip2",37.9182,16.3134
"1676","CG31817",1.07522,0.462337
"1677","PIG-H",14.5481,6.25531
"1678","aph-1",36.9606,15.8886
"1679","p53",24.8969,10.6998
"1680","CG9801",4.10339,1.76278
"1681","CG5235,Tasp1",27.7927,11.9303
"1682","Spc25",57.2242,24.5334
"1683","cib",267.34,114.55
"1684","Pi4KIIalpha",25.0178,10.7173
"1685","Etl1",12.0124,5.14256
"1686","ksr",5.32137,2.27562
"1687","CG34163",35.8603,15.3297
"1688","Pngl",16.4387,7.02708
"1689","CG17360",4.55465,1.94655
"1690","CG3529",10.0449,4.29038
"1691","CG6325",10.0558,4.29267
"1692","MRP",20.9519,8.93705
"1693","INPP5E",2.56711,1.09429
"1694","Pi3K92E",8.64042,3.68046
"1695","CG13760",23.7439,10.1124
"1696","AspRS-m",14.8401,6.31735
"1697","CG18259",8.0588,3.42878
"1698","CG9934",15.728,6.68571
"1699","Ge-1",10.1915,4.32961
"1700","Vps33B",3.13511,1.3306
"1701","abo",9.75591,4.13828
"1702","Hcf",8.58386,3.64006
"1703","CG11248",7.27487,3.08406
"1704","nvd",1.81527,0.769507
"1705","CG14969",18.0551,7.64892
"1706","Ack",7.86666,3.33258
"1707","shtd",3.05851,1.29554
"1708","Rassf",8.59527,3.6403
"1709","Cyp6d2",2.99359,1.2674
"1710","CG6734",2.4937,1.05399
"1711","Nup98-96",19.9523,8.43184
"1712","CG13088",9.50527,4.01567
"1713","CG9626",1.49565,0.631775
"1714","gammaSnap2,tws",46.8622,19.7821
"1715","CG30440",5.68086,2.39719
"1716",NA,2.81486,1.1877
"1717","DNA-ligI",19.9162,8.3945
"1718","P32",108.051,45.5348
"1719","bon",7.99072,3.36598
"1720","Sox14",15.4098,6.49033
"1721","CG3995",13.1621,5.54315
"1722","ste14",21.5743,9.06397
"1723","D19A",13.4174,5.63618
"1724","aralar1",25.471,10.6977
"1725","Sin3A",30.6444,12.8435
"1726","CG40228",110.036,46.075
"1727","pes",31.6121,13.235
"1728","CG9304",8.3665,3.49771
"1729","CG10731",11.193,4.67836
"1730","Klp68D",7.11394,2.97227
"1731","Indy",42.9223,17.9255
"1732","CG1486",15.3894,6.42286
"1733","vers",18.8919,7.88324
"1734","CG5815",15.8579,6.6054
"1735","CG42788",2.97544,1.23916
"1736","Rh3",14.8662,6.18288
"1737","egl",12.8084,5.32096
"1738","Sep4",6.88595,2.85982
"1739","tum",34.7736,14.4409
"1740","CG31731",7.32344,3.03771
"1741","Jafrac2",17.9092,7.42797
"1742","Gasz",18.7987,7.78912
"1743","CR45367,Plc21C",19.2601,7.97447
"1744","Krn,Ndfip",35.2998,14.5937
"1745","CG5447",24.144,9.97941
"1746","Stat92E",22.9119,9.46348
"1747","Csat",16.0641,6.62458
"1748","nrv1",50.3262,20.7537
"1749","Prestin",14.3311,5.90328
"1750","CG6040",5.96666,2.45706
"1751","Hers",17.8894,7.35713
"1752","p38a",19.5794,8.04801
"1753","pbl",19.4506,7.99504
"1754","Gp210",9.25367,3.80236
"1755","ana3",8.04044,3.30067
"1756","CG1815",11.2598,4.61634
"1757","Mtl",41.3854,16.9633
"1758","yki",32.7564,13.4106
"1759","CR44423",7.55441,3.09182
"1760","CG1529",13.2051,5.40349
"1761","CG5746",41.0315,16.7833
"1762","CG16972",6.6647,2.72286
"1763","PAPLA1",8.87845,3.62477
"1764","dgrn",20.1171,8.21256
"1765","CG11247",11.698,4.77503
"1766","Tsp66E",24.7644,10.1077
"1767","Sara",5.83825,2.38195
"1768","CG14545",210.001,85.6747
"1769","Tre1",16.2737,6.63855
"1770","E(spl)m3-HLH",2.28857,0.933426
"1771","Cyp6a22",18.5995,7.57727
"1772","CG6565",17.6092,7.17017
"1773","CG7200",8.46574,3.44672
"1774","CG6927",48.4412,19.7126
"1775","Trxr-1",228.548,92.9199
"1776","orb",27.4791,11.1703
"1777","Dref",16.7767,6.81235
"1778","sli",3.57797,1.45275
"1779","PIG-L",22.3104,9.04146
"1780","CG8924",19.618,7.9482
"1781","Nelf-E",20.6614,8.36536
"1782","nesd",9.88692,3.99413
"1783","mof",6.75501,2.72855
"1784","CG33057,mkg-p",16.3027,6.5845
"1785","CG3797",16.2819,6.56983
"1786","CG7222",20.2352,8.15503
"1787","CG9302",15.3674,6.19167
"1788","CG33156",48.0789,19.3568
"1789","CG7638",18.2785,7.35718
"1790","Nhe3",30.3013,12.1892
"1791","Mcm6",27.4975,11.0583
"1792","CG6051",14.4304,5.79822
"1793","botv",5.01372,2.01449
"1794","Df31",391.854,157.356
"1795","Pld",12.192,4.89361
"1796","nuf",30.5552,12.2571
"1797","Rpb7",89.2023,35.7738
"1798","CG40006",7.27438,2.91512
"1799","CG9044",4.9902,1.99967
"1800","msl-3",20.9015,8.36647
"1801","CG15812",28.6606,11.47
"1802","msb1l",38.472,15.3956
"1803","Ndc80",10.8417,4.33627
"1804","Fmr1",29.1942,11.6681
"1805","Mad",19.262,7.69151
"1806","Pez",9.41173,3.75643
"1807","Neurochondrin",9.54694,3.81031
"1808","CG17036,CG5776",7.9137,3.15572
"1809","cta",14.3274,5.70648
"1810","CG5098",10.0492,4.0023
"1811","CG3764",9.91059,3.94459
"1812","CG7841",17.5035,6.95784
"1813","beta4GalNAcTA",11.1643,4.43754
"1814","Trap1",13.7485,5.46201
"1815","Ibf1",10.0131,3.97288
"1816","CG2064",62.4099,24.7288
"1817","Stip1",68.6888,27.2043
"1818","CG42402",0.705824,0.279518
"1819","CG2201",20.4629,8.09919
"1820","RhoGAP1A",8.94138,3.53726
"1821","c(3)G",8.37842,3.31436
"1822","CG32625",40.9567,16.1996
"1823","Nrt",2.85549,1.12816
"1824","CG18808,Dhc64C",3.15838,1.24767
"1825","CG7369",7.07166,2.79317
"1826","ash1",12.8304,5.05212
"1827","pon",15.0691,5.93247
"1828","Lnk",17.68,6.9587
"1829","Rbp9",36.4651,14.349
"1830","Swim",39.9599,15.7138
"1831","CG8298",15.7648,6.19311
"1832","SCAR",15.3189,6.01455
"1833","Eaf,mir-4977",8.57369,3.36606
"1834","CG42362,CG42364",44.6714,17.5326
"1835","Irbp",22.3511,8.76606
"1836","l(2)35Bd",10.9421,4.28945
"1837",NA,3.29083,1.2898
"1838","uzip",3.18187,1.24692
"1839","CG13603",25.8034,10.1011
"1840","CG6023",5.2445,2.05051
"1841","Su(H)",10.1057,3.9509
"1842","gkt",2.44995,0.957775
"1843","Coprox",141.212,55.1932
"1844","CG18622",13.832,5.40465
"1845","CG7453",24.9623,9.72085
"1846","trio",23.6055,9.18719
"1847","Lrp4",1.25624,0.488662
"1848","MED14",5.76075,2.23891
"1849","ValRS-m",4.67955,1.81826
"1850","uri",15.6721,6.08429
"1851","Wbp2",34.2915,13.3089
"1852","GstD3",155.746,60.4443
"1853","CG13025",14.2273,5.52154
"1854","CG32147",17.2959,6.70942
"1855","CG10420",25.0302,9.70904
"1856","CG14650",10.5462,4.09064
"1857","klar,snmRNA:438",337.838,130.988
"1858","mus301",5.79887,2.24824
"1859","mbf1",125.608,48.6648
"1860","CG4302",27.517,10.6517
"1861","Herp",26.6958,10.3323
"1862","CG5854",23.4136,9.06133
"1863",NA,5.25938,2.03452
"1864","CG10055",11.9553,4.62197
"1865","CG15436",8.90402,3.43979
"1866","fl(2)d",21.2429,8.20422
"1867","Bsg25D",16.9219,6.53439
"1868","hb",28.0951,10.8336
"1869","PrBP",8.46981,3.26552
"1870","Rab23",16.4364,6.33192
"1871","kune",22.8965,8.81993
"1872","GstS1",56.8488,21.8848
"1873","AP-2mu",15.8667,6.10545
"1874","CG9175",13.0985,5.03885
"1875","CG10527",84.4351,32.4771
"1876","CG10948",8.66287,3.33177
"1877","Cdk1",93.3434,35.8759
"1878","fry",7.8404,3.01318
"1879","kay",29.4481,11.3159
"1880","Vrp1",11.0347,4.23886
"1881","CG11710",6.58433,2.52899
"1882","Shc",13.2905,5.09304
"1883","CG33052",20.9894,8.04138
"1884","CTCF",18.1016,6.93494
"1885","RnrS",98.9375,37.8749
"1886","CG9135",36.8877,14.1156
"1887","CR43837",7.39761,2.82547
"1888","CG12728",8.02068,3.06064
"1889","Calx",8.98592,3.42579
"1890","CenG1A",13.4894,5.14216
"1891","CG8173",44.2806,16.8712
"1892","solo,vas",114.731,43.7003
"1893","CG17328",8.63685,3.28944
"1894","Sam-S",85.5548,32.5402
"1895","IntS10",6.57485,2.49943
"1896","NijC,Past1",171.95,65.3449
"1897","flfl",19.0134,7.20912
"1898","elg1",20.4288,7.74195
"1899","CG2316",9.56828,3.62473
"1900","CG17361",52.6348,19.922
"1901","l(1)1Bi",7.59042,2.87099
"1902","par-6",15.0689,5.699
"1903","pav",20.0463,7.57604
"1904","asun",4.90442,1.8527
"1905","c11.1",15.1012,5.70398
"1906","CR45668",6.40955,2.41896
"1907","HmgD",413.606,155.516
"1908","Ent2",9.29694,3.4943
"1909","Plzf",2.40909,0.905403
"1910","hpo",9.20469,3.45888
"1911","Ext2",5.94556,2.23146
"1912","CG7458",2.83815,1.06503
"1913","Akap200",146.61,54.9967
"1914","GstE5",25.2028,9.45363
"1915","CG9775",38.6673,14.5001
"1916","GlcAT-S",16.8378,6.3137
"1917","Scm",14.0497,5.26355
"1918","Arfip",18.658,6.98013
"1919","xmas-1,xmas-2",12.4813,4.65662
"1920","CG5285",7.05012,2.62807
"1921","CG12766",3.16186,1.17785
"1922","CG1603",5.77965,2.15269
"1923","CycB",487.444,181.517
"1924","CG7857",25.9657,9.66361
"1925","CG7432",3.0751,1.14437
"1926","Doa",28.7545,10.6901
"1927","CG31612",1.16791,0.433873
"1928","SamDC",8.23346,3.05631
"1929","Mvl",18.6338,6.91567
"1930","Rbcn-3A",4.24353,1.57444
"1931","Mcm3",15.5065,5.75192
"1932","CG10274",10.7948,4.00267
"1933","rt",8.25617,3.05864
"1934","CG10188",9.85073,3.64859
"1935","dia",17.8703,6.6188
"1936","CG1718",4.80486,1.77534
"1937","sra",45.1736,16.6636
"1938","Hsepi",6.18731,2.2821
"1939","CG15387",28.9883,10.6874
"1940","CG14054,CG4199",63.5223,23.3859
"1941","CG10171",8.52261,3.13722
"1942","dmGlut",20.0091,7.36536
"1943","Rad60",28.4567,10.4634
"1944","CG7326",21.2525,7.80957
"1945","bip1",31.2047,11.4646
"1946","p130CAS",6.28642,2.30665
"1947","CG11652",20.4823,7.50745
"1948","CG6454",9.30677,3.41047
"1949","GPHR",13.5256,4.95457
"1950","scramb1",24.0293,8.79447
"1951","CG32549",27.5804,10.0867
"1952","Su(var)3-3",5.11208,1.86698
"1953","aux",10.2479,3.73786
"1954","Mmp1",6.23551,2.27317
"1955","Sps2",19.1072,6.96515
"1956","CR45802",35.6711,13.0009
"1957","Cen",22.012,8.00419
"1958","CG7510",12.1788,4.4211
"1959","rdx",128.35,46.5655
"1960","Rca1",19.7465,7.16328
"1961","CG32732",20.2713,7.34578
"1962","lqfR",15.7074,5.69151
"1963","Cyp6a23",7.16476,2.59581
"1964",NA,4.65848,1.68443
"1965","Ucp4B",3.65018,1.3197
"1966","Smurf",12.9259,4.66965
"1967","Ank",11.4555,4.13765
"1968","D19B",5.89235,2.1255
"1969","Nelf-A",12.6421,4.55964
"1970","CG13005",7.22484,2.60448
"1971","CG16700,CG4991",63.9813,23.0631
"1972","Socs36E",17.3742,6.26024
"1973","BubR1",8.99179,3.23938
"1974","Fur2",16.7153,6.01749
"1975","P5CDh1",28.6858,10.3187
"1976","mib1",12.1373,4.35965
"1977","Mtr4",6.76265,2.42479
"1978","AP-2alpha",15.2186,5.45452
"1979","spel1",6.12996,2.19626
"1980","CG7328",8.73564,3.12918
"1981","CG32755,CG32756,CG6041",9.22796,3.30427
"1982","Zw10",26.4232,9.46064
"1983","CG6583",17.2647,6.17686
"1984","RhoGDI",58.9324,20.9994
"1985","kuk",134.767,48.0086
"1986","foi",17.7576,6.32438
"1987","Cp190",35.7853,12.7374
"1988","CG4936",17.7586,6.29858
"1989","CG31678",7.28324,2.58252
"1990","CG31457",21.7202,7.69695
"1991","Kah",1.08677,0.384252
"1992","cal1",15.213,5.37058
"1993","CG5830",103.378,36.4526
"1994","crok",18.5533,6.52969
"1995","CG6005",10.1869,3.58453
"1996","Cks30A",46.2186,16.2623
"1997","CG10184",401.823,141.287
"1998","CG31998",8.0467,2.82414
"1999","CR46258,MED15,ush",14.5758,5.115
"2000","DCAF12",11.8418,4.15444
"2001","MCU",33.9908,11.9129
"2002","Amt",2.05783,0.719802
"2003","mtsh",2.57084,0.899085
"2004","brm",16.8414,5.88476
"2005","CG13532",1.40699,0.491527
"2006","Rab30",5.04874,1.76205
"2007","gfzf",15.1238,5.27411
"2008","Pino",134.308,46.7836
"2009","Dis3l2",13.7483,4.78088
"2010","piwi",25.05,8.70883
"2011","CG31139,rumi",17.0804,5.93305
"2012","bs",10.4056,3.61368
"2013","CR44392,tweek",4.02394,1.39688
"2014","sxc",16.133,5.59855
"2015","Naam",17.2049,5.94631
"2016","CG4455",25.5521,8.81298
"2017","vap",9.12045,3.14268
"2018","CdGAPr",9.5755,3.29764
"2019","nod",16.069,5.52353
"2020","pigeon",10.7241,3.68226
"2021","E(var)3-9",36.4869,12.5229
"2022","exu",114.103,39.1081
"2023","CR32636",2.82257,0.965793
"2024","pkaap",10.9119,3.7326
"2025","Zwilch",15.2039,5.19967
"2026","CG30046",1.24428,0.42553
"2027","CG9288",19.8918,6.79542
"2028","unc-45",17.7766,6.0679
"2029","capt",42.0526,14.3411
"2030","Dlg5",7.07996,2.41287
"2031","Sos",7.0149,2.39058
"2032","SAK",5.09385,1.73532
"2033","CG7139",9.69178,3.30003
"2034","Usp15-31",9.28621,3.16126
"2035","CG5056",36.8865,12.5544
"2036","CG4049",7.22272,2.45779
"2037","GstD2",382.578,130.165
"2038","Rab21",30.4474,10.3574
"2039","stv",51.8695,17.6421
"2040","CycE",36.7412,12.4827
"2041",NA,2.5767,0.875052
"2042","Wdr24",8.22186,2.79069
"2043","dx",13.1543,4.46119
"2044","CG5149",19.368,6.54246
"2045","prod",24.8564,8.39505
"2046","Pten",11.3976,3.84436
"2047","CG8620",27.6165,9.31389
"2048","CG2841",12.1339,4.09202
"2049","Shark",12.2783,4.13476
"2050","CG5346",8.55092,2.8794
"2051","tra2",19.1875,6.45623
"2052","Tl",23.4269,7.85528
"2053","CG6805",10.9429,3.66775
"2054","CG4476",30.6399,10.2667
"2055","Ts",20.5756,6.89125
"2056","CG5262",8.18324,2.7366
"2057","mms4",24.0681,8.03964
"2058","CG5292",26.9902,8.99421
"2059","CG9265",17.3451,5.7787
"2060","r2d2",16.2721,5.4192
"2061","wls",8.39408,2.79317
"2062","DNApol-eta",9.56461,3.18263
"2063","CG17528",13.0403,4.33915
"2064","Caf1-55",33.7708,11.2333
"2065","CG6330",9.08584,3.02184
"2066","mael",22.6893,7.54188
"2067","raw",9.8804,3.27891
"2068","ClC-c",12.1397,4.0256
"2069","beta-Spec",8.8327,2.92791
"2070","tkv",10.2165,3.38272
"2071","CG7632",22.2011,7.34324
"2072","CG12592",2.30322,0.760876
"2073","vih",32.3369,10.6707
"2074","CG4949",10.9047,3.59064
"2075","Patr-1",13.2823,4.36921
"2076","Klc",20.4232,6.71575
"2077","CG9747",7.30247,2.39594
"2078","dgt2,escl",42.4027,13.8886
"2079","glo",50.8657,16.66
"2080","CG4050",11.0794,3.62501
"2081","RIOK1",14.1875,4.63534
"2082","sowah",5.83042,1.90237
"2083","hyd",11.5199,3.75746
"2084","swa,swaPsi",54.6255,17.8115
"2085","HDAC1",43.9081,14.2908
"2086","gry",5.12101,1.66627
"2087","CG31249",19.4381,6.29775
"2088","Ogg1",14.8385,4.80691
"2089","CG3008",36.5564,11.8305
"2090","CG4617",8.07548,2.61284
"2091","CG1024",6.03202,1.94805
"2092","cmet",6.05781,1.9562
"2093","Pex23",5.62441,1.8104
"2094","CG10098",11.3273,3.64478
"2095","Lrr47",5.47073,1.75963
"2096","Tsp42Ef",89.84,28.8772
"2097","sw",1.06792,0.34289
"2098","CG14182",12.5519,4.02998
"2099","dnt",6.38857,2.04946
"2100","Vps11",7.49418,2.39627
"2101","mmy",34.2841,10.9599
"2102","CG32191",2.74978,0.878252
"2103","comt",5.10965,1.63194
"2104","CG18190",68.936,21.9556
"2105","step",19.9403,6.34375
"2106","CG16868",9.92008,3.15302
"2107","CG17018",24.9624,7.92017
"2108","cana",8.9876,2.84981
"2109","Clamp",29.6299,9.38884
"2110","Adf1",17.7427,5.61425
"2111","Fic",15.7896,4.9929
"2112","gus",151.381,47.6434
"2113","CG16984,dos",13.0138,4.09513
"2114","Tsp42Ee",38.4942,12.0971
"2115","Src42A",11.3091,3.55146
"2116","PIG-Q",7.52837,2.36354
"2117","CG6891",81.8696,25.6867
"2118","exd",19.7288,6.18762
"2119","CycD",32.649,10.2176
"2120","Myt1",15.3148,4.79183
"2121","CR45660,Pxn",7.11264,2.22194
"2122","CG2614",13.2174,4.12796
"2123","krimp",20.9809,6.53827
"2124","CG4570",135.905,42.3511
"2125","CG8202",5.33647,1.66043
"2126","l(2)gd1",8.53675,2.65373
"2127","PTP-ER",5.90774,1.83374
"2128","hoe1",14.5988,4.52572
"2129","Hsromega",93.1497,28.8551
"2130","Ptp69D",5.87851,1.81871
"2131","CG7376",3.34162,1.02983
"2132","Act88F",37.5548,11.5708
"2133","twf",16.2894,5.00228
"2134","CG11050",29.8641,9.16529
"2135","pgant6",9.94194,3.05087
"2136","Atg18b",5.7686,1.76877
"2137","borr",61.2649,18.7741
"2138","GMF",19.0711,5.83545
"2139","Fancm",3.5179,1.07442
"2140","Su(var)3-7",10.6073,3.2394
"2141","CG10013",2.85752,0.872147
"2142","CG12769,CG17977",7.23123,2.20587
"2143","tef",20.2382,6.1677
"2144","nonA-l",7.89759,2.40677
"2145","CalpB",5.94409,1.80963
"2146","CG32195,CG7341",19.6318,5.97662
"2147","cv",17.6116,5.34544
"2148","CG31875,SoYb",23.4396,7.105
"2149","CG6961",18.2522,5.53095
"2150","CG4757",3.99255,1.20971
"2151","SCCRO3",16.1577,4.89094
"2152","nAChRalpha4",17.8382,5.39696
"2153","CG7101",10.8148,3.27076
"2154","CG14971",10.8431,3.278
"2155","CG1416",31.641,9.511
"2156","Atxn7",2.55801,0.767078
"2157","CG5554",22.0514,6.61118
"2158","Mctp",4.35269,1.30415
"2159","Smyd4-4",9.63477,2.88488
"2160","WRNexo",35.5694,10.6393
"2161","CNPYb",11.5614,3.44571
"2162","Tsp42Eg",15.7476,4.67683
"2163","CG13192",16.5956,4.92126
"2164","CG8578",32.7465,9.66887
"2165","CG6425",10.3241,3.04453
"2166","Ire1",13.8999,4.08291
"2167","Usp32",3.985,1.16939
"2168","AttC",15.773,4.62849
"2169","scf",61.3841,17.9646
"2170","Wnk",8.26281,2.41441
"2171","dgo",5.592,1.63047
"2172","stwl",5.07787,1.47876
"2173","RNaseX25",17.4151,5.06513
"2174","CG7806",5.03138,1.46256
"2175","CG5004",23.8401,6.9256
"2176","CG14621",11.7374,3.39751
"2177","PlexB",2.85343,0.825113
"2178","CG4880",32.4061,9.35966
"2179","CG9992",23.9939,6.92182
"2180","CG3919",5.78918,1.67001
"2181","CG2678",3.48891,1.00568
"2182","RhoGAP92B",13.6841,3.93156
"2183","trbl",19.9042,5.713
"2184","CG10960",31.2793,8.96973
"2185","TfIIB",12.0882,3.46552
"2186","mip130",10.3474,2.96402
"2187","CR14033",26.5259,7.59666
"2188","CG13164",1.87773,0.537415
"2189","mtrm",74.2259,21.2017
"2190","CG12945",13.4998,3.84372
"2191","AnxB9",123.434,34.9834
"2192","LRR",13.2069,3.73922
"2193","Tsp39D",10.7939,3.04258
"2194","CR43670",4.42818,1.24593
"2195","Pif1",6.91302,1.94219
"2196","shams",17.795,4.9964
"2197","CG8012",11.6661,3.27072
"2198","Ugt86Da",4.79817,1.34379
"2199","CG32581",7.04346,1.96574
"2200","JhI-1",6.26676,1.74771
"2201","fal",13.8822,3.86855
"2202","CG31898",14.7818,4.11656
"2203","CG10417",27.4079,7.61427
"2204","PpV",24.3959,6.77272
"2205","ck",3.6837,1.01272
"2206","CG4553",7.55716,2.07286
"2207","chico",3.47425,0.949004
"2208","CG30037,GalT1",6.71947,1.83527
"2209","CG14695",6.96632,1.87799
"2210","phr",6.60685,1.77462
"2211","CG7888",38.9767,10.4617
"2212","sl",4.78351,1.2829
"2213","put",14.9044,3.99492
"2214","Adk1,CG5626",70.9519,19.0086
"2215","Tsp42En",6.11563,1.63576
"2216","CG14322",3.59004,0.959093
"2217","dimm",1.45335,0.387663
"2218","CG6923",6.36617,1.69606
"2219","CG18213",3.70479,0.984389
"2220","Tsp42El",33.8647,8.98762
"2221","smid",17.5807,4.66154
"2222","AOX1",2313.83,609.618
"2223","CG11857",30.5702,8.05266
"2224","Pa1",18.2718,4.80472
"2225","Mis12",23.0331,6.05109
"2226","Gadd45",30.0535,7.89071
"2227","CG7156",9.19617,2.41203
"2228","pim",88.0245,23.0103
"2229","pinta",14.4523,3.77515
"2230","Snm1",8.35453,2.16944
"2231","CG11700",2.14603,0.557076
"2232","twz",1.3428,0.347917
"2233","RAF2",7.0988,1.8376
"2234","CG9636",9.48769,2.45492
"2235","Rab40",32.4858,8.39881
"2236","CG1951,CR45044",6.73091,1.73363
"2237","CG7692",3.98661,1.02533
"2238","CG12567",29.2298,7.45169
"2239","CG7272",12.7409,3.22041
"2240","Lrrk",1.08011,0.271636
"2241","CG1275",29.9265,7.5254
"2242","Kap-alpha1",29.44,7.37182
"2243","CG14109",32.7346,8.19009
"2244","Hydr2",10.159,2.54161
"2245","CG1578,Hsc70-3",1662.25,415.813
"2246","CG9231",42.7755,10.6783
"2247","hng2",10.8064,2.69158
"2248","Spn77Bc",1.94739,0.484709
"2249","Vps50",5.92195,1.47398
"2250","cnir",12.2365,3.04009
"2251","CG1572",150.06,37.2674
"2252","MFS16",5.89625,1.4616
"2253","CG13384",6.73047,1.6667
"2254","CG1492",2.26157,0.557006
"2255","CG31886",3.26759,0.803461
"2256","CG7130",77.7173,19.0492
"2257","mei-41",2.1128,0.51355
"2258","CG30344",9.48471,2.29478
"2259","CG6967",6.62013,1.59776
"2260","sqz",3.81881,0.920693
"2261","RhoGAP54D",9.86364,2.37758
"2262","bam",7.02629,1.69176
"2263","vlc",21.0598,5.0583
"2264","CG5916",6.42305,1.53827
"2265","CG10147",2.85103,0.67732
"2266","Rbf2",8.74058,2.0743
"2267","twe",18.7035,4.43697
"2268","Msh6",5.39678,1.27869
"2269","RPA2",41.2363,9.73585
"2270","CG1942",5.07058,1.19443
"2271","lin",5.9843,1.40846
"2272","Lint-1",13.0493,3.06911
"2273","zuc",13.2868,3.12284
"2274","Mppe",7.40707,1.70536
"2275","Xrcc2",3.76177,0.865436
"2276","spn-E",9.62591,2.20503
"2277","CG15141",13.9611,3.19766
"2278","az2",3.96601,0.900521
"2279","Cyp6a19",62.659,14.0908
"2280","CR44704",34.8535,7.805
"2281","zpg",68.7552,15.2562
"2282","CG42857",25.6842,5.68705
"2283","CG8027",6.04287,1.33541
"2284","CG14079",1.96157,0.432433
"2285","CG31183",0.988576,0.217101
"2286","CG8321",20.2474,4.39243
"2287","spartin",3.56563,0.77326
"2288","CR46082",3.43975,0.745885
"2289","Nf-YB",8.90722,1.92966
"2290","mip120",15.549,3.34693
"2291","scyl",350.027,74.8419
"2292","Chd3",11.6264,2.47513
"2293","Sirt6",6.09217,1.2895
"2294","Dronc",16.0395,3.35874
"2295","rpr",2.3391,0.48877
"2296","Arc1",363.783,76.0039
"2297","Hsp67Ba",5.28718,1.09842
"2298","CG7744",18.3566,3.80521
"2299","lds",10.3958,2.08964
"2300","Parg",8.74703,1.73791
"2301","CG6928",5.08971,0.998317
"2302","Tsp42Ei",8.74858,1.70871
"2303","CG31694",24.0441,4.69526
"2304","CHKov2",5.87069,1.14062
"2305","Nct",7.77336,1.50375
"2306","CG6962",43.3897,8.13318
"2307","CG17186",13.424,2.45311
"2308","Grip71",11.0528,2.00153
"2309","Smyd4-3",4.18201,0.753143
"2310",NA,31.7529,5.6951
"2311","Gli",1.75196,0.312921
"2312","CG16884",9.77714,1.72642
"2313","CG34325",33.7429,5.95546
"2314","Hsp68",96.3687,16.9639
"2315","Trf",9.93519,1.73124
"2316","corolla",3.55347,0.606621
"2317","nos",40.7921,6.70531
"2318","CG16978",92.2507,14.9088
"2319","Daxx",8.31543,1.33581
"2320","Cpr66D",7.52678,1.20912
"2321","CR45682",14.5147,2.3243
"2322","Mcm10",11.3343,1.8034
"2323","GstE8",22.7404,3.61697
"2324","CG10669",1.63504,0.259391
"2325","CG2990",2.38821,0.376877
"2326","CG7110",7.31769,1.14545
"2327","CG6972",4.49784,0.703168
"2328","CG11655",9.81918,1.50137
"2329","CG43693,CR45119",158.667,23.9349
"2330","Cyp4p1,Cyp4p2",507.985,76.0597
"2331","AOX2",1.09167,0.162854
"2332","CR45807",10.0888,1.49051
"2333","CG15784,CR44471,CR45517",1819.88,266.554
"2334","Gem2",17.2958,2.52913
"2335","Inx7",12.4876,1.76099
"2336","Rep",6.63126,0.924597
"2337","pirk",56.9205,7.91998
"2338",NA,10.4179,1.43551
"2339","GstE7",46.0385,6.33643
"2340","CG44005",10.0641,1.33481
"2341","alphagamma-element:CR32865",28.4568,3.69605
"2342","Hsp26",3449.41,439.068
"2343","CG11426",29.0739,3.65138
"2344","upd3",7.71254,0.952521
"2345","CG10877",10.3417,1.26828
"2346","GstD4",6.12498,0.742904
"2347","Qtzl",3.76595,0.454298
"2348","Cht6",10.9303,1.30215
"2349","CG5853",46.2084,5.47673
"2350","CG12519",76.5597,9.00507
"2351","Hsp67Bc",5.79478,0.651837
"2352","Atx-1",9.66013,1.08318
"2353","CG42246",111.395,12.1586
"2354","CG12826",188.975,20.2647
"2355","CG6959",9.21184,0.966623
"2356","CG11437",4.27711,0.429229
"2357","slbo",4.52401,0.447371
"2358","GstD10",60.4887,5.92982
"2359","roX1",69.1622,6.64921
"2360","SPH93",3.82939,0.367895
"2361","CG4456,Hsp22",2751.86,262.782
"2362",NA,9.28648,0.858235
"2363","Vsx2",513.692,46.4923
"2364",NA,8.72683,0.760367
"2365","CG33468,CG33469",13.7689,1.16657
"2366","CG15239",3.23409,0.260224
"2367","Ir68a",1.89358,0.14821
"2368","CG42808",325.915,25.3971
"2369","Hsp70Bc",8.41439,0.629074
"2370","CG14752",58.4001,4.30395
"2371","CG32554,CG32557",953.761,67.2919
"2372","CG10359",14.8789,1.00466
"2373","CG17669",103.728,6.87458
"2374","CG8568",15.4825,0.989268
"2375",NA,4.44967,0.283653
"2376","sad",365.89,22.6147
"2377",NA,96.7505,5.71438
"2378","CG14096",43.2574,2.50399
"2379","CG18294",67.2521,3.86576
"2380","CG32214",181.815,9.5111
"2381","CR45280",1.13598,0.0556752
"2382","GstD5",43.1675,1.91962
"2383","CG10970,CG44325",457.973,19.6648
"2384","CR44923,Nep2",79.0579,3.33093
"2385",NA,20.2534,0.730957
"2386","CG13840",80.0407,2.87781
"2387","Act57B,snoRNA:660",884.796,27.7141
"2388","CG4115,snmRNA:419",22.4474,0.646494
"2389","ND2,trnM,trnW",479.225,7.002
